timeframe,week_open_utc,week_close_utc,sources,first_offset_h,last_offset_h,in_correction_rule,us_dst,uk_dst,m1_label_to_utc_h,m1_minutes,m1_first_offset_h,m1_last_offset_h,histdata_rows_not_in_m1_uncorrected,histdata_rows_not_in_m1_corrected,m1_buckets_not_in_raw
15m@v1,2016-01-03T22:00Z,2016-01-08T22:00Z,histdata,0.0,0.0,False,False,False,-5.0,7191,0.0,0.0,0,0,0
15m@v1,2016-01-10T22:00Z,2016-01-15T22:00Z,histdata,0.0,0.0,False,False,False,-5.0,7199,0.0,0.0,0,0,0
15m@v1,2016-01-17T22:00Z,2016-01-22T22:00Z,histdata,0.0,0.0,False,False,False,-5.0,7195,0.0,0.0,0,0,0
15m@v1,2016-01-24T22:00Z,2016-01-29T22:00Z,histdata,0.0,0.0,False,False,False,-5.0,7191,0.0,0.0,0,0,0
15m@v1,2016-01-31T22:00Z,2016-02-05T22:00Z,histdata,0.0,0.0,False,False,False,-5.0,7198,0.0,0.0,0,0,0
15m@v1,2016-02-07T22:00Z,2016-02-12T22:00Z,histdata,0.0,0.0,False,False,False,-5.0,7198,0.0,0.0,0,0,0
15m@v1,2016-02-14T22:00Z,2016-02-19T22:00Z,histdata,0.0,0.0,False,False,False,-5.0,7198,0.0,0.0,0,0,0
15m@v1,2016-02-21T22:00Z,2016-02-26T22:00Z,histdata,0.0,0.0,False,False,False,-5.0,7199,0.0,0.0,0,0,0
15m@v1,2016-02-28T22:00Z,2016-03-04T22:00Z,histdata,0.0,0.0,False,False,False,-5.0,7197,0.0,0.0,0,0,0
15m@v1,2016-03-06T22:00Z,2016-03-11T22:00Z,histdata,0.0,0.0,False,False,False,-5.0,7200,0.0,0.0,0,0,0
15m@v1,2016-03-13T21:00Z,2016-03-18T21:00Z,histdata,0.0,0.0,False,True,False,-4.0,7181,0.0,0.0,0,0,0
15m@v1,2016-03-20T21:00Z,2016-03-25T21:00Z,histdata,0.0,0.0,False,True,False,-4.0,7128,0.0,0.0,0,0,0
15m@v1,2016-03-27T21:00Z,2016-04-01T21:00Z,histdata,0.0,0.0,False,True,True,-4.0,7163,0.0,0.0,0,0,0
15m@v1,2016-04-03T21:00Z,2016-04-08T21:00Z,histdata,0.0,0.0,False,True,True,-4.0,7191,0.0,0.0,0,0,0
15m@v1,2016-04-10T21:00Z,2016-04-15T21:00Z,histdata,0.0,0.0,False,True,True,-4.0,7187,0.0,0.0,0,0,0
15m@v1,2016-04-17T21:00Z,2016-04-22T21:00Z,histdata,0.0,0.0,False,True,True,-4.0,7183,0.0,0.0,0,0,0
15m@v1,2016-04-24T21:00Z,2016-04-29T21:00Z,histdata,0.0,0.0,False,True,True,-4.0,7186,0.0,0.0,0,0,0
15m@v1,2016-05-01T21:00Z,2016-05-06T21:00Z,histdata,0.0,0.0,False,True,True,-4.0,7191,0.0,0.0,0,0,0
15m@v1,2016-05-08T21:00Z,2016-05-13T21:00Z,histdata,0.0,0.0,False,True,True,-4.0,7184,0.0,0.0,0,0,0
15m@v1,2016-05-15T21:00Z,2016-05-20T21:00Z,histdata,0.0,0.0,False,True,True,-4.0,7174,0.0,0.0,0,0,0
15m@v1,2016-05-22T21:00Z,2016-05-27T21:00Z,histdata,0.0,0.0,False,True,True,-4.0,7170,0.0,0.0,0,0,0
15m@v1,2016-05-29T21:00Z,2016-06-03T21:00Z,histdata,0.0,0.0,False,True,True,-4.0,7178,0.0,0.0,0,0,0
15m@v1,2016-06-05T21:00Z,2016-06-10T21:00Z,histdata,0.0,0.0,False,True,True,-4.0,7185,0.0,0.0,0,0,0
15m@v1,2016-06-12T21:00Z,2016-06-17T21:00Z,histdata,0.0,0.0,False,True,True,-4.0,7179,0.0,0.0,0,0,0
15m@v1,2016-06-19T21:00Z,2016-06-24T21:00Z,histdata,0.0,0.0,False,True,True,-4.0,7189,0.0,0.0,0,0,0
15m@v1,2016-06-26T21:00Z,2016-07-01T21:00Z,histdata,0.0,0.0,False,True,True,-4.0,7190,0.0,0.0,0,0,0
15m@v1,2016-07-03T21:00Z,2016-07-08T21:00Z,histdata,0.0,0.0,False,True,True,-4.0,7166,0.0,0.0,0,0,0
15m@v1,2016-07-10T21:00Z,2016-07-15T21:00Z,histdata,0.0,0.0,False,True,True,-4.0,7170,0.0,0.0,0,0,0
15m@v1,2016-07-17T21:00Z,2016-07-22T21:00Z,histdata,0.0,0.0,False,True,True,-4.0,7178,0.0,-0.016666666666666666,0,0,0
15m@v1,2016-07-24T21:00Z,2016-07-29T21:00Z,histdata,0.0,0.0,False,True,True,-4.0,7181,0.0,0.0,0,0,0
15m@v1,2016-07-31T21:00Z,2016-08-05T21:00Z,histdata,0.0,0.0,False,True,True,-4.0,7170,0.0,0.0,0,0,0
15m@v1,2016-08-07T21:00Z,2016-08-12T21:00Z,histdata,0.0,0.0,False,True,True,-4.0,7169,0.0,0.0,0,0,0
15m@v1,2016-08-14T21:00Z,2016-08-19T21:00Z,histdata,0.0,0.0,False,True,True,-4.0,7169,0.0,0.0,0,0,0
15m@v1,2016-08-21T21:00Z,2016-08-26T21:00Z,histdata,0.0,0.0,False,True,True,-4.0,7159,0.0,0.0,0,0,0
15m@v1,2016-08-28T21:00Z,2016-09-02T21:00Z,histdata,0.0,0.0,False,True,True,-4.0,7177,0.0,0.0,0,0,0
15m@v1,2016-09-04T21:00Z,2016-09-09T21:00Z,histdata,0.0,0.0,False,True,True,-4.0,7155,0.0,0.0,0,0,0
15m@v1,2016-09-11T21:00Z,2016-09-16T21:00Z,histdata,0.0,0.0,False,True,True,-4.0,7185,0.0,0.0,0,0,0
15m@v1,2016-09-18T21:00Z,2016-09-23T21:00Z,histdata,0.0,0.0,False,True,True,-4.0,7177,0.0,0.0,0,0,0
15m@v1,2016-09-25T21:00Z,2016-09-30T21:00Z,histdata,0.0,0.0,False,True,True,-4.0,7170,0.0,0.0,0,0,0
15m@v1,2016-10-02T21:00Z,2016-10-07T21:00Z,histdata,0.0,0.0,False,True,True,-4.0,7176,0.0,0.0,0,0,0
15m@v1,2016-10-09T21:00Z,2016-10-14T21:00Z,histdata,0.0,0.0,False,True,True,-4.0,7158,0.0,0.0,0,0,0
15m@v1,2016-10-16T21:00Z,2016-10-21T21:00Z,histdata,0.0,0.0,False,True,True,-4.0,7143,0.0,0.0,0,0,0
15m@v1,2016-10-23T21:00Z,2016-10-28T21:00Z,histdata,0.0,0.0,False,True,True,-4.0,7170,0.0,0.0,0,0,0
15m@v1,2016-10-30T21:00Z,2016-11-04T21:00Z,histdata,0.0,0.0,False,True,False,-4.0,7183,0.0,0.0,0,0,0
15m@v1,2016-11-06T22:00Z,2016-11-11T22:00Z,histdata,0.0,0.0,False,False,False,-5.0,7199,0.0,0.0,0,0,0
15m@v1,2016-11-13T22:00Z,2016-11-18T22:00Z,histdata,0.0,0.0,False,False,False,-5.0,7195,0.0,0.0,0,0,0
15m@v1,2016-11-20T22:00Z,2016-11-25T22:00Z,histdata,0.0,0.0,False,False,False,-5.0,7187,0.0,-0.016666666666666666,0,0,0
15m@v1,2016-11-27T22:00Z,2016-12-02T22:00Z,histdata,0.0,0.0,False,False,False,-5.0,7194,0.0,0.0,0,0,0
15m@v1,2016-12-04T22:00Z,2016-12-09T22:00Z,histdata,0.0,0.0,False,False,False,-5.0,7196,0.0,0.0,0,0,0
15m@v1,2016-12-11T22:00Z,2016-12-16T22:00Z,histdata,0.0,0.0,False,False,False,-5.0,7197,0.0,0.0,0,0,0
15m@v1,2016-12-18T22:00Z,2016-12-23T22:00Z,histdata,0.0,0.0,False,False,False,-5.0,7174,0.0,-0.016666666666666666,0,0,0
15m@v1,2016-12-25T22:00Z,2016-12-30T22:00Z,histdata,0.5,0.0,False,False,False,-5.0,6194,0.5,-0.03333333333333333,0,0,0
15m@v1,2017-01-01T22:00Z,2017-01-06T22:00Z,histdata,9.0,0.0,False,False,False,-5.0,6626,9.0,0.0,0,0,0
15m@v1,2017-01-08T22:00Z,2017-01-13T22:00Z,histdata,0.0,0.0,False,False,False,-5.0,7197,0.0,0.0,0,0,0
15m@v1,2017-01-15T22:00Z,2017-01-20T22:00Z,histdata,0.0,0.0,False,False,False,-5.0,7187,0.0,0.0,0,0,0
15m@v1,2017-01-22T22:00Z,2017-01-27T22:00Z,histdata,0.0,0.0,False,False,False,-5.0,7195,0.0,0.0,0,0,0
15m@v1,2017-01-29T22:00Z,2017-02-03T22:00Z,histdata,0.0,0.0,False,False,False,-5.0,7192,0.0,0.0,0,0,0
15m@v1,2017-02-05T22:00Z,2017-02-10T22:00Z,histdata,0.0,0.0,False,False,False,-5.0,7198,0.0,0.0,0,0,0
15m@v1,2017-02-12T22:00Z,2017-02-17T22:00Z,histdata,0.0,0.0,False,False,False,-5.0,7194,0.0,0.0,0,0,0
15m@v1,2017-02-19T22:00Z,2017-02-24T22:00Z,histdata,0.0,0.0,False,False,False,-5.0,7189,0.0,-0.016666666666666666,0,0,0
15m@v1,2017-02-26T22:00Z,2017-03-03T22:00Z,histdata,0.0,0.0,False,False,False,-5.0,7198,0.0,0.0,0,0,0
15m@v1,2017-03-05T22:00Z,2017-03-10T22:00Z,histdata,0.0,0.0,False,False,False,-5.0,7191,0.0,0.0,0,0,0
15m@v1,2017-03-12T21:00Z,2017-03-17T21:00Z,histdata,0.0,0.0,False,True,False,-4.0,7176,0.0,0.0,0,0,0
15m@v1,2017-03-19T21:00Z,2017-03-24T21:00Z,histdata,0.0,0.0,False,True,False,-4.0,7182,0.0,0.0,0,0,0
15m@v1,2017-03-26T21:00Z,2017-03-31T21:00Z,histdata,0.0,0.0,False,True,True,-4.0,7177,0.0,0.0,0,0,0
15m@v1,2017-04-02T21:00Z,2017-04-07T21:00Z,histdata,0.0,0.0,False,True,True,-4.0,7161,0.0,0.0,0,0,0
15m@v1,2017-04-09T21:00Z,2017-04-14T21:00Z,histdata,0.0,0.0,False,True,True,-4.0,7166,0.0,0.0,0,0,0
15m@v1,2017-04-16T21:00Z,2017-04-21T21:00Z,histdata,0.0,0.0,False,True,True,-4.0,7184,0.0,0.0,0,0,0
15m@v1,2017-04-23T21:00Z,2017-04-28T21:00Z,histdata,0.0,0.0,False,True,True,-4.0,7191,0.0,0.0,0,0,0
15m@v1,2017-04-30T21:00Z,2017-05-05T21:00Z,histdata,0.0,0.0,False,True,True,-4.0,7161,0.0,0.0,0,0,0
15m@v1,2017-05-07T21:00Z,2017-05-12T21:00Z,histdata,0.0,0.0,False,True,True,-4.0,7190,0.0,0.0,0,0,0
15m@v1,2017-05-14T21:00Z,2017-05-19T21:00Z,histdata,0.0,0.0,False,True,True,-4.0,7195,0.0,0.0,0,0,0
15m@v1,2017-05-21T21:00Z,2017-05-26T21:00Z,histdata,0.0,0.0,False,True,True,-4.0,7192,0.0,0.0,0,0,0
15m@v1,2017-05-28T21:00Z,2017-06-02T21:00Z,histdata,0.0,0.0,False,True,True,-4.0,7177,0.0,0.0,0,0,0
15m@v1,2017-06-04T21:00Z,2017-06-09T21:00Z,histdata,0.0,0.0,False,True,True,-4.0,7186,0.0,0.0,0,0,0
15m@v1,2017-06-11T21:00Z,2017-06-16T21:00Z,histdata,0.0,0.0,False,True,True,-4.0,7178,0.0,0.0,0,0,0
15m@v1,2017-06-18T21:00Z,2017-06-23T21:00Z,histdata,0.0,0.0,False,True,True,-4.0,7176,0.0,0.0,0,0,0
15m@v1,2017-06-25T21:00Z,2017-06-30T21:00Z,histdata,0.0,0.0,False,True,True,-4.0,7175,0.0,0.0,0,0,0
15m@v1,2017-07-02T21:00Z,2017-07-07T21:00Z,histdata,0.0,0.0,False,True,True,-4.0,7180,0.0,0.0,0,0,0
15m@v1,2017-07-09T21:00Z,2017-07-14T21:00Z,histdata,0.0,0.0,False,True,True,-4.0,7180,0.0,0.0,0,0,0
15m@v1,2017-07-16T21:00Z,2017-07-21T21:00Z,histdata,0.0,0.0,False,True,True,-4.0,7166,0.0,0.0,0,0,0
15m@v1,2017-07-23T21:00Z,2017-07-28T21:00Z,histdata,0.0,0.0,False,True,True,-4.0,7182,0.0,0.0,0,0,0
15m@v1,2017-07-30T21:00Z,2017-08-04T21:00Z,histdata,0.0,0.0,False,True,True,-4.0,7179,0.0,0.0,0,0,0
15m@v1,2017-08-06T21:00Z,2017-08-11T21:00Z,histdata,0.0,0.0,False,True,True,-4.0,7162,0.0,0.0,0,0,0
15m@v1,2017-08-13T21:00Z,2017-08-18T21:00Z,histdata,0.0,0.0,False,True,True,-4.0,7186,0.0,0.0,0,0,0
15m@v1,2017-08-20T21:00Z,2017-08-25T21:00Z,histdata,0.0,0.0,False,True,True,-4.0,7168,0.0,0.0,0,0,0
15m@v1,2017-08-27T21:00Z,2017-09-01T21:00Z,histdata,0.0,0.0,False,True,True,-4.0,7181,0.0,0.0,0,0,0
15m@v1,2017-09-03T21:00Z,2017-09-08T21:00Z,histdata,0.0,0.0,False,True,True,-4.0,7169,0.0,0.0,0,0,0
15m@v1,2017-09-10T21:00Z,2017-09-15T21:00Z,histdata,0.0,0.0,False,True,True,-4.0,7189,0.0,0.0,0,0,0
15m@v1,2017-09-17T21:00Z,2017-09-22T21:00Z,histdata,0.0,0.0,False,True,True,-4.0,7166,0.0,0.0,0,0,0
15m@v1,2017-09-24T21:00Z,2017-09-29T21:00Z,histdata,0.0,0.0,False,True,True,-4.0,7188,0.0,0.0,0,0,0
15m@v1,2017-10-01T21:00Z,2017-10-06T21:00Z,histdata,0.0,0.0,False,True,True,-4.0,7147,0.0,0.0,0,0,0
15m@v1,2017-10-08T21:00Z,2017-10-13T21:00Z,histdata,0.0,0.0,False,True,True,-4.0,7150,0.0,0.0,0,0,0
15m@v1,2017-10-15T21:00Z,2017-10-20T21:00Z,histdata,0.0,0.0,False,True,True,-4.0,7144,0.0,0.0,0,0,0
15m@v1,2017-10-22T21:00Z,2017-10-27T21:00Z,histdata,0.0,0.0,False,True,True,-4.0,7188,0.0,0.0,0,0,0
15m@v1,2017-10-29T21:00Z,2017-11-03T21:00Z,histdata,0.0,0.0,False,True,False,-4.0,7165,0.0,0.0,0,0,0
15m@v1,2017-11-05T22:00Z,2017-11-10T22:00Z,histdata,0.0,0.0,False,False,False,-5.0,7194,0.0,0.0,0,0,0
15m@v1,2017-11-12T22:00Z,2017-11-17T22:00Z,histdata,0.0,0.0,False,False,False,-5.0,7189,0.0,0.0,0,0,0
15m@v1,2017-11-19T22:00Z,2017-11-24T22:00Z,histdata,0.0,0.0,False,False,False,-5.0,7155,0.0,0.0,0,0,0
15m@v1,2017-11-26T22:00Z,2017-12-01T22:00Z,histdata,0.0,0.0,False,False,False,-5.0,7193,0.0,0.0,0,0,0
15m@v1,2017-12-03T22:00Z,2017-12-08T22:00Z,histdata,0.0,0.0,False,False,False,-5.0,7192,0.0,0.0,0,0,0
15m@v1,2017-12-10T22:00Z,2017-12-15T22:00Z,histdata,0.0,0.0,False,False,False,-5.0,7177,0.0,0.0,0,0,0
15m@v1,2017-12-17T22:00Z,2017-12-22T22:00Z,histdata,0.0,0.0,False,False,False,-5.0,7175,0.0,0.0,0,0,0
15m@v1,2017-12-24T22:00Z,2017-12-29T22:00Z,histdata,24.0,0.0,False,False,False,-5.0,5699,24.0,-0.016666666666666666,0,0,0
15m@v1,2017-12-31T22:00Z,2018-01-05T22:00Z,histdata,24.0,0.0,False,False,False,-5.0,5732,24.0,0.0,0,0,0
15m@v1,2018-01-07T22:00Z,2018-01-12T22:00Z,histdata,0.0,0.0,False,False,False,-5.0,7173,0.0,0.0,0,0,0
15m@v1,2018-01-14T22:00Z,2018-01-19T22:00Z,histdata,0.0,0.0,False,False,False,-5.0,7185,0.0,0.0,0,0,0
15m@v1,2018-01-21T22:00Z,2018-01-26T22:00Z,histdata,0.0,0.0,False,False,False,-5.0,7197,0.0,0.0,0,0,0
15m@v1,2018-01-28T22:00Z,2018-02-02T22:00Z,histdata,0.0,0.0,False,False,False,-5.0,7194,0.0,0.0,0,0,0
15m@v1,2018-02-04T22:00Z,2018-02-09T22:00Z,histdata,0.0,0.0,False,False,False,-5.0,7196,0.0,0.0,0,0,0
15m@v1,2018-02-11T22:00Z,2018-02-16T22:00Z,histdata,0.0,0.0,False,False,False,-5.0,7179,0.0,0.0,0,0,0
15m@v1,2018-02-18T22:00Z,2018-02-23T22:00Z,histdata,0.0,0.0,False,False,False,-5.0,7170,0.0,0.0,0,0,0
15m@v1,2018-02-25T22:00Z,2018-03-02T22:00Z,histdata,0.0,0.0,False,False,False,-5.0,7192,0.0,0.0,0,0,0
15m@v1,2018-03-04T22:00Z,2018-03-09T22:00Z,histdata,0.0,0.0,False,False,False,-5.0,7196,0.0,0.0,0,0,0
15m@v1,2018-03-11T21:00Z,2018-03-16T21:00Z,histdata,0.0,0.0,False,True,False,-4.0,7156,0.0,0.0,0,0,0
15m@v1,2018-03-18T21:00Z,2018-03-23T21:00Z,histdata,0.0,0.0,False,True,False,-4.0,7157,0.0,0.0,0,0,0
15m@v1,2018-03-25T21:00Z,2018-03-30T21:00Z,histdata,0.0,0.0,False,True,True,-4.0,7148,0.0,0.0,0,0,0
15m@v1,2018-04-01T21:00Z,2018-04-06T21:00Z,histdata,0.0,0.0,False,True,True,-4.0,7150,0.0,0.0,0,0,0
15m@v1,2018-04-08T21:00Z,2018-04-13T21:00Z,histdata,0.0,0.0,False,True,True,-4.0,7162,0.0,0.0,0,0,0
15m@v1,2018-04-15T21:00Z,2018-04-20T21:00Z,histdata,0.0,0.0,False,True,True,-4.0,7161,0.0,0.0,0,0,0
15m@v1,2018-04-22T21:00Z,2018-04-27T21:00Z,histdata,0.0,0.0,False,True,True,-4.0,7147,0.0,0.0,0,0,0
15m@v1,2018-04-29T21:00Z,2018-05-04T21:00Z,histdata,0.0,0.0,False,True,True,-4.0,7122,0.0,0.0,0,0,0
15m@v1,2018-05-06T21:00Z,2018-05-11T21:00Z,histdata,0.0,0.0,False,True,True,-4.0,7133,0.0,0.0,0,0,0
15m@v1,2018-05-13T21:00Z,2018-05-18T21:00Z,histdata,0.0,0.0,False,True,True,-4.0,7142,0.0,0.0,0,0,0
15m@v1,2018-05-20T21:00Z,2018-05-25T21:00Z,histdata,0.0,0.0,False,True,True,-4.0,7173,0.0,0.0,0,0,0
15m@v1,2018-05-27T21:00Z,2018-06-01T21:00Z,histdata,0.0,0.0,False,True,True,-4.0,7173,0.0,0.0,0,0,0
15m@v1,2018-06-03T21:00Z,2018-06-08T21:00Z,histdata,0.0,0.0,False,True,True,-4.0,7146,0.0,0.0,0,0,0
15m@v1,2018-06-10T21:00Z,2018-06-15T21:00Z,histdata,0.0,0.0,False,True,True,-4.0,7173,0.0,0.0,0,0,0
15m@v1,2018-06-17T21:00Z,2018-06-22T21:00Z,histdata,0.0,0.0,False,True,True,-4.0,7178,0.0,0.0,0,0,0
15m@v1,2018-06-24T21:00Z,2018-06-29T21:00Z,histdata,0.0,0.0,False,True,True,-4.0,7187,0.0,0.0,0,0,0
15m@v1,2018-07-01T21:00Z,2018-07-06T21:00Z,histdata,0.0,0.0,False,True,True,-4.0,7156,0.0,0.0,0,0,0
15m@v1,2018-07-08T21:00Z,2018-07-13T21:00Z,histdata,0.0,0.0,False,True,True,-4.0,7184,0.0,0.0,0,0,0
15m@v1,2018-07-15T21:00Z,2018-07-20T21:00Z,histdata,0.0,0.0,False,True,True,-4.0,7181,0.0,0.0,0,0,0
15m@v1,2018-07-22T21:00Z,2018-07-27T21:00Z,histdata,0.0,0.0,False,True,True,-4.0,7167,0.0,0.0,0,0,0
15m@v1,2018-07-29T21:00Z,2018-08-03T21:00Z,histdata,0.0,0.0,False,True,True,-4.0,7162,0.0,0.0,0,0,0
15m@v1,2018-08-05T21:00Z,2018-08-10T21:00Z,histdata,0.0,0.0,False,True,True,-4.0,7152,0.0,0.0,0,0,0
15m@v1,2018-08-12T21:00Z,2018-08-17T21:00Z,histdata,0.0,0.0,False,True,True,-4.0,7174,0.0,0.0,0,0,0
15m@v1,2018-08-19T21:00Z,2018-08-24T21:00Z,histdata,0.0,0.0,False,True,True,-4.0,7154,0.0,0.0,0,0,0
15m@v1,2018-08-26T21:00Z,2018-08-31T21:00Z,histdata,0.0,0.0,False,True,True,-4.0,7154,0.0,0.0,0,0,0
15m@v1,2018-09-02T21:00Z,2018-09-07T21:00Z,histdata,0.0,0.0,False,True,True,-4.0,7121,0.0,0.0,0,0,0
15m@v1,2018-09-09T21:00Z,2018-09-14T21:00Z,histdata,0.0,0.0,False,True,True,-4.0,7142,0.0,0.0,0,0,0
15m@v1,2018-09-16T21:00Z,2018-09-21T21:00Z,histdata,0.0,0.0,False,True,True,-4.0,7147,0.0,0.0,0,0,0
15m@v1,2018-09-23T21:00Z,2018-09-28T21:00Z,histdata,0.0,0.0,False,True,True,-4.0,7140,0.0,0.0,0,0,0
15m@v1,2018-09-30T21:00Z,2018-10-05T21:00Z,histdata,0.0,0.0,False,True,True,-4.0,7146,0.0,0.0,0,0,0
15m@v1,2018-10-07T21:00Z,2018-10-12T21:00Z,histdata,0.0,0.0,False,True,True,-4.0,7159,0.0,0.0,0,0,0
15m@v1,2018-10-14T21:00Z,2018-10-19T21:00Z,histdata,0.0,0.0,False,True,True,-4.0,7167,0.0,0.0,0,0,0
15m@v1,2018-10-21T21:00Z,2018-10-26T21:00Z,histdata,0.0,0.0,False,True,True,-4.0,7158,0.0,0.0,0,0,0
15m@v1,2018-10-28T21:00Z,2018-11-02T21:00Z,histdata,0.0,0.0,False,True,False,-4.0,7165,0.0,0.0,0,0,0
15m@v1,2018-11-04T22:00Z,2018-11-09T22:00Z,histdata,0.0,0.0,False,False,False,-5.0,7185,0.0,0.0,0,0,0
15m@v1,2018-11-11T22:00Z,2018-11-16T22:00Z,histdata,0.0,0.0,False,False,False,-5.0,7187,0.0,0.0,0,0,0
15m@v1,2018-11-18T22:00Z,2018-11-23T22:00Z,histdata,0.0,0.0,False,False,False,-5.0,7164,0.0,0.0,0,0,0
15m@v1,2018-11-25T22:00Z,2018-11-30T22:00Z,histdata,0.0,0.0,False,False,False,-5.0,7170,0.0,0.0,0,0,0
15m@v1,2018-12-02T22:00Z,2018-12-07T22:00Z,histdata,0.0,0.0,False,False,False,-5.0,7183,0.0,0.0,0,0,0
15m@v1,2018-12-09T22:00Z,2018-12-14T22:00Z,histdata,0.0,0.0,False,False,False,-5.0,7184,0.0,0.0,0,0,0
15m@v1,2018-12-16T22:00Z,2018-12-21T22:00Z,histdata,0.0,0.0,False,False,False,-5.0,7196,0.0,0.0,0,0,0
15m@v1,2018-12-23T22:00Z,2018-12-28T22:00Z,histdata,0.0,0.0,False,False,False,-5.0,6345,0.0,0.0,0,0,0
15m@v1,2018-12-30T22:00Z,2019-01-04T22:00Z,histdata,0.0,0.0,False,False,False,-5.0,5752,0.0,0.0,0,0,0
15m@v1,2019-01-06T22:00Z,2019-01-11T22:00Z,histdata,0.0,0.0,False,False,False,-5.0,7191,0.0,0.0,0,0,0
15m@v1,2019-01-13T22:00Z,2019-01-18T22:00Z,histdata,0.0,0.0,False,False,False,-5.0,7195,0.0,0.0,0,0,0
15m@v1,2019-01-20T22:00Z,2019-01-25T22:00Z,histdata,0.0,0.0,False,False,False,-5.0,7191,0.0,0.0,0,0,0
15m@v1,2019-01-27T22:00Z,2019-02-01T22:00Z,histdata,0.0,0.0,False,False,False,-5.0,7197,0.0,0.0,0,0,0
15m@v1,2019-02-03T22:00Z,2019-02-08T22:00Z,histdata,0.0,0.0,False,False,False,-5.0,7194,0.0,0.0,0,0,0
15m@v1,2019-02-10T22:00Z,2019-02-15T22:00Z,histdata,0.0,0.0,False,False,False,-5.0,7190,0.0,0.0,0,0,0
15m@v1,2019-02-17T22:00Z,2019-02-22T22:00Z,histdata,0.0,0.0,False,False,False,-5.0,7183,0.0,0.0,0,0,0
15m@v1,2019-02-24T22:00Z,2019-03-01T22:00Z,histdata,0.0,0.0,False,False,False,-5.0,7184,0.0,0.0,0,0,0
15m@v1,2019-03-03T22:00Z,2019-03-08T22:00Z,histdata,0.0,0.0,False,False,False,-5.0,7192,0.0,0.0,0,0,0
15m@v1,2019-03-10T21:00Z,2019-03-15T21:00Z,histdata,0.0,-1.0,True,True,False,-5.0,7128,1.0,0.0,4,0,0
15m@v1,2019-03-17T21:00Z,2019-03-22T21:00Z,histdata,-1.0,-1.0,True,True,False,-5.0,7189,0.0,0.0,4,0,0
15m@v1,2019-03-24T21:00Z,2019-03-29T21:00Z,histdata,-1.0,-1.0,True,True,False,-5.0,7196,0.0,0.0,4,0,0
15m@v1,2019-03-31T21:00Z,2019-04-05T21:00Z,histdata,0.0,0.0,False,True,True,-4.0,7126,0.0,0.0,0,0,0
15m@v1,2019-04-07T21:00Z,2019-04-12T21:00Z,histdata,0.0,0.0,False,True,True,-4.0,7176,0.05,0.0,0,0,0
15m@v1,2019-04-14T21:00Z,2019-04-19T21:00Z,histdata,0.0,0.0,False,True,True,-4.0,7176,0.0,0.0,0,0,0
15m@v1,2019-04-21T21:00Z,2019-04-26T21:00Z,histdata,0.0,0.0,False,True,True,-4.0,7186,0.0,0.0,0,0,0
15m@v1,2019-04-28T21:00Z,2019-05-03T21:00Z,histdata,0.0,0.0,False,True,True,-4.0,7164,0.0,0.0,0,0,0
15m@v1,2019-05-05T21:00Z,2019-05-10T21:00Z,histdata,0.0,0.0,False,True,True,-4.0,7195,0.0,0.0,0,0,0
15m@v1,2019-05-12T21:00Z,2019-05-17T21:00Z,histdata,0.0,0.0,False,True,True,-4.0,7195,0.0,0.0,0,0,0
15m@v1,2019-05-19T21:00Z,2019-05-24T21:00Z,histdata,0.0,0.0,False,True,True,-4.0,7189,0.0,0.0,0,0,0
15m@v1,2019-05-26T21:00Z,2019-05-31T21:00Z,histdata,2.75,0.0,False,True,True,-4.0,7014,2.9833333333333334,0.0,0,0,0
15m@v1,2019-06-02T21:00Z,2019-06-07T21:00Z,histdata,0.0,0.0,False,True,True,-4.0,7192,0.0,0.0,0,0,0
15m@v1,2019-06-09T21:00Z,2019-06-14T21:00Z,histdata,0.0,0.0,False,True,True,-4.0,7192,0.0,0.0,0,0,0
15m@v1,2019-06-16T21:00Z,2019-06-21T21:00Z,histdata,0.0,0.0,False,True,True,-4.0,7195,0.0,0.0,0,0,0
15m@v1,2019-06-23T21:00Z,2019-06-28T21:00Z,histdata,0.0,0.0,False,True,True,-4.0,7195,0.0,0.0,0,0,0
15m@v1,2019-06-30T21:00Z,2019-07-05T21:00Z,histdata,0.0,0.0,False,True,True,-4.0,7181,0.0,0.0,0,0,0
15m@v1,2019-07-07T21:00Z,2019-07-12T21:00Z,histdata,0.0,0.0,False,True,True,-4.0,7191,0.0,0.0,0,0,0
15m@v1,2019-07-14T21:00Z,2019-07-19T21:00Z,histdata,0.0,0.0,False,True,True,-4.0,7191,0.0,0.0,0,0,0
15m@v1,2019-07-21T21:00Z,2019-07-26T21:00Z,histdata,0.0,0.0,False,True,True,-4.0,7196,0.0,0.0,0,0,0
15m@v1,2019-07-28T21:00Z,2019-08-02T21:00Z,histdata,0.0,0.0,False,True,True,-4.0,7192,0.0,0.0,0,0,0
15m@v1,2019-08-04T21:00Z,2019-08-09T21:00Z,histdata,0.0,0.0,False,True,True,-4.0,7195,0.0,0.0,0,0,0
15m@v1,2019-08-11T21:00Z,2019-08-16T21:00Z,histdata,0.0,0.0,False,True,True,-4.0,7199,0.0,0.0,0,0,0
15m@v1,2019-08-18T21:00Z,2019-08-23T21:00Z,histdata,0.0,0.0,False,True,True,-4.0,7194,0.0,0.0,0,0,0
15m@v1,2019-08-25T21:00Z,2019-08-30T21:00Z,histdata,0.0,0.0,False,True,True,-4.0,7198,0.0,0.0,0,0,0
15m@v1,2019-09-01T21:00Z,2019-09-06T21:00Z,histdata,0.0,0.0,False,True,True,-4.0,7195,0.0,0.0,0,0,0
15m@v1,2019-09-08T21:00Z,2019-09-13T21:00Z,histdata,0.0,0.0,False,True,True,-4.0,7174,0.0,0.0,0,0,0
15m@v1,2019-09-15T21:00Z,2019-09-20T21:00Z,histdata,0.0,0.0,False,True,True,-4.0,7199,0.0,0.0,0,0,0
15m@v1,2019-09-22T21:00Z,2019-09-27T21:00Z,histdata,0.0,0.0,False,True,True,-4.0,7194,0.0,0.0,0,0,0
15m@v1,2019-09-29T21:00Z,2019-10-04T21:00Z,histdata,0.0,0.0,False,True,True,-4.0,7190,0.0,0.0,0,0,0
15m@v1,2019-10-06T21:00Z,2019-10-11T21:00Z,histdata,0.0,0.0,False,True,True,-4.0,7197,0.0,0.0,0,0,0
15m@v1,2019-10-13T21:00Z,2019-10-18T21:00Z,histdata,0.0,0.0,False,True,True,-4.0,7188,0.0,0.0,0,0,0
15m@v1,2019-10-20T21:00Z,2019-10-25T21:00Z,histdata,0.0,0.0,False,True,True,-4.0,7193,0.0,0.0,0,0,0
15m@v1,2019-10-27T21:00Z,2019-11-01T21:00Z,histdata,-1.0,-1.0,True,True,False,-5.0,7253,0.0,0.0,4,0,0
15m@v1,2019-11-03T22:00Z,2019-11-08T22:00Z,histdata,0.0,0.0,False,False,False,-5.0,7192,0.0,0.0,0,0,0
15m@v1,2019-11-10T22:00Z,2019-11-15T22:00Z,histdata,0.0,0.0,False,False,False,-5.0,7193,0.0,0.0,0,0,0
15m@v1,2019-11-17T22:00Z,2019-11-22T22:00Z,histdata,0.0,0.0,False,False,False,-5.0,7192,0.0,0.0,0,0,0
15m@v1,2019-11-24T22:00Z,2019-11-29T22:00Z,histdata,0.0,0.0,False,False,False,-5.0,7180,0.0,0.0,0,0,0
15m@v1,2019-12-01T22:00Z,2019-12-06T22:00Z,histdata,0.0,0.0,False,False,False,-5.0,7187,0.0,0.0,0,0,0
15m@v1,2019-12-08T22:00Z,2019-12-13T22:00Z,histdata,0.0,0.0,False,False,False,-5.0,7175,0.0,0.0,0,0,0
15m@v1,2019-12-15T22:00Z,2019-12-20T22:00Z,histdata,0.0,0.0,False,False,False,-5.0,7170,0.0,0.0,0,0,0
15m@v1,2019-12-22T22:00Z,2019-12-27T22:00Z,histdata,0.0,0.0,False,False,False,-5.0,6231,0.0,0.0,0,0,0
15m@v1,2019-12-29T22:00Z,2020-01-03T22:00Z,histdata,0.0,0.0,False,False,False,-5.0,5676,0.0,0.0,0,0,0
15m@v1,2020-01-05T22:00Z,2020-01-10T22:00Z,histdata,0.0,0.0,False,False,False,-5.0,7190,0.0,0.0,0,0,0
15m@v1,2020-01-12T22:00Z,2020-01-17T22:00Z,histdata,0.0,0.0,False,False,False,-5.0,7154,0.0,0.0,0,0,0
15m@v1,2020-01-19T22:00Z,2020-01-24T22:00Z,histdata,0.0,0.0,False,False,False,-5.0,7163,0.0,0.0,0,0,0
15m@v1,2020-01-26T22:00Z,2020-01-31T22:00Z,histdata,0.0,0.0,False,False,False,-5.0,7196,0.0,0.0,0,0,0
15m@v1,2020-02-02T22:00Z,2020-02-07T22:00Z,histdata,0.0,0.0,False,False,False,-5.0,7186,0.0,0.0,0,0,0
15m@v1,2020-02-09T22:00Z,2020-02-14T22:00Z,histdata,0.0,0.0,False,False,False,-5.0,7169,0.0,0.0,0,0,0
15m@v1,2020-02-16T22:00Z,2020-02-21T22:00Z,histdata,0.0,0.0,False,False,False,-5.0,7163,0.0,0.0,0,0,0
15m@v1,2020-02-23T22:00Z,2020-02-28T22:00Z,histdata,0.0,0.0,False,False,False,-5.0,7199,0.0,0.0,0,0,0
15m@v1,2020-03-01T22:00Z,2020-03-06T22:00Z,histdata,0.0,0.0,False,False,False,-5.0,7194,0.0,0.0,0,0,0
15m@v1,2020-03-08T21:00Z,2020-03-13T21:00Z,histdata,-1.0,-1.0,True,True,False,-5.0,7200,0.0,0.0,4,0,0
15m@v1,2020-03-15T21:00Z,2020-03-20T21:00Z,histdata,-1.0,-1.0,True,True,False,-5.0,7192,0.0,0.0,4,0,0
15m@v1,2020-03-22T21:00Z,2020-03-27T21:00Z,histdata,-1.0,-1.0,True,True,False,-5.0,7187,0.05,0.0,4,0,0
15m@v1,2020-03-29T21:00Z,2020-04-03T21:00Z,histdata,0.0,0.0,False,True,True,-4.0,7133,0.0,0.0,0,0,0
15m@v1,2020-04-05T21:00Z,2020-04-10T21:00Z,histdata,0.0,0.0,False,True,True,-4.0,7190,0.0,-0.016666666666666666,0,0,0
15m@v1,2020-04-12T21:00Z,2020-04-17T21:00Z,histdata,0.0,0.0,False,True,True,-4.0,7174,0.0,0.0,0,0,0
15m@v1,2020-04-19T21:00Z,2020-04-24T21:00Z,histdata,0.0,0.0,False,True,True,-4.0,7173,0.1,0.0,0,0,0
15m@v1,2020-04-26T21:00Z,2020-05-01T21:00Z,histdata,0.0,0.0,False,True,True,-4.0,7171,0.0,0.0,0,0,0
15m@v1,2020-05-03T21:00Z,2020-05-08T21:00Z,histdata,0.0,0.0,False,True,True,-4.0,7170,0.08333333333333333,0.0,0,0,0
15m@v1,2020-05-10T21:00Z,2020-05-15T21:00Z,histdata,0.0,0.0,False,True,True,-4.0,7185,0.0,0.0,0,0,0
15m@v1,2020-05-17T21:00Z,2020-05-22T21:00Z,histdata,0.0,0.0,False,True,True,-4.0,7170,0.0,0.0,0,0,0
15m@v1,2020-05-24T21:00Z,2020-05-29T21:00Z,histdata,0.0,0.0,False,True,True,-4.0,7176,0.0,0.0,0,0,0
15m@v1,2020-05-31T21:00Z,2020-06-05T21:00Z,histdata,0.0,0.0,False,True,True,-4.0,7193,0.0,0.0,0,0,0
15m@v1,2020-06-07T21:00Z,2020-06-12T21:00Z,histdata,0.0,0.0,False,True,True,-4.0,7194,0.0,0.0,0,0,0
15m@v1,2020-06-14T21:00Z,2020-06-19T21:00Z,histdata,0.0,0.0,False,True,True,-4.0,7184,0.08333333333333333,0.0,0,0,0
15m@v1,2020-06-21T21:00Z,2020-06-26T21:00Z,histdata,0.0,0.0,False,True,True,-4.0,7188,0.0,0.0,0,0,0
15m@v1,2020-06-28T21:00Z,2020-07-03T21:00Z,histdata,0.0,0.0,False,True,True,-4.0,7153,0.0,0.0,0,0,0
15m@v1,2020-07-05T21:00Z,2020-07-10T21:00Z,histdata,0.0,0.0,False,True,True,-4.0,7166,0.0,0.0,0,0,0
15m@v1,2020-07-12T21:00Z,2020-07-17T21:00Z,histdata,0.0,0.0,False,True,True,-4.0,7170,0.0,0.0,0,0,0
15m@v1,2020-07-19T21:00Z,2020-07-24T21:00Z,histdata,0.0,0.0,False,True,True,-4.0,7158,0.16666666666666666,0.0,0,0,0
15m@v1,2020-07-26T21:00Z,2020-07-31T21:00Z,histdata,0.0,0.0,False,True,True,-4.0,7181,0.0,0.0,0,0,0
15m@v1,2020-08-02T21:00Z,2020-08-07T21:00Z,histdata,0.0,0.0,False,True,True,-4.0,7158,0.0,0.0,0,0,0
15m@v1,2020-08-09T21:00Z,2020-08-14T21:00Z,histdata,0.0,0.0,False,True,True,-4.0,7180,0.0,0.0,0,0,0
15m@v1,2020-08-16T21:00Z,2020-08-21T21:00Z,histdata,0.0,0.0,False,True,True,-4.0,7173,0.08333333333333333,0.0,0,0,0
15m@v1,2020-08-23T21:00Z,2020-08-28T21:00Z,histdata,0.0,0.0,False,True,True,-4.0,7176,0.0,0.0,0,0,0
15m@v1,2020-08-30T21:00Z,2020-09-04T21:00Z,histdata,0.0,0.0,False,True,True,-4.0,7163,0.0,0.0,0,0,0
15m@v1,2020-09-06T21:00Z,2020-09-11T21:00Z,histdata,0.0,0.0,False,True,True,-4.0,7169,0.0,0.0,0,0,0
15m@v1,2020-09-13T21:00Z,2020-09-18T21:00Z,histdata,0.0,0.0,False,True,True,-4.0,7125,0.0,0.0,0,0,0
15m@v1,2020-09-20T21:00Z,2020-09-25T21:00Z,histdata,0.0,0.0,False,True,True,-4.0,7157,0.0,0.0,0,0,0
15m@v1,2020-09-27T21:00Z,2020-10-02T21:00Z,histdata,0.0,0.0,False,True,True,-4.0,7162,0.0,0.0,0,0,0
15m@v1,2020-10-04T21:00Z,2020-10-09T21:00Z,histdata,0.0,0.0,False,True,True,-4.0,7164,0.0,0.0,0,0,0
15m@v1,2020-10-11T21:00Z,2020-10-16T21:00Z,histdata,0.0,0.0,False,True,True,-4.0,7113,0.0,0.0,0,0,0
15m@v1,2020-10-18T21:00Z,2020-10-23T21:00Z,histdata,0.0,0.0,False,True,True,-4.0,7123,0.0,0.0,0,0,0
15m@v1,2020-10-25T21:00Z,2020-10-30T21:00Z,histdata,-1.0,-1.0,True,True,False,-5.0,7184,0.0,0.0,4,0,0
15m@v1,2020-11-01T22:00Z,2020-11-06T22:00Z,histdata,0.0,0.0,False,False,False,-5.0,7183,0.0,0.0,0,0,0
15m@v1,2020-11-08T22:00Z,2020-11-13T22:00Z,histdata,0.0,0.0,False,False,False,-5.0,7180,0.0,0.0,0,0,0
15m@v1,2020-11-15T22:00Z,2020-11-20T22:00Z,histdata,0.0,0.0,False,False,False,-5.0,7156,0.0,0.0,0,0,0
15m@v1,2020-11-22T22:00Z,2020-11-27T22:00Z,histdata,0.0,0.0,False,False,False,-5.0,7147,0.0,0.0,0,0,0
15m@v1,2020-11-29T22:00Z,2020-12-04T22:00Z,histdata,0.0,0.0,False,False,False,-5.0,6027,0.0,0.0,0,0,0
15m@v1,2020-12-06T22:00Z,2020-12-11T22:00Z,histdata,0.0,0.0,False,False,False,-5.0,7154,0.0,0.0,0,0,0
15m@v1,2020-12-13T22:00Z,2020-12-18T22:00Z,histdata,0.0,0.0,False,False,False,-5.0,7146,0.0,0.0,0,0,0
15m@v1,2020-12-20T22:00Z,2020-12-25T22:00Z,histdata,0.0,-14.0,False,False,False,-5.0,6270,0.0,-14.0,0,0,0
15m@v1,2020-12-27T22:00Z,2021-01-01T22:00Z,histdata,0.0,-24.0,False,False,False,-5.0,5695,0.0,-24.016666666666666,0,0,0
15m@v1,2021-01-03T22:00Z,2021-01-08T22:00Z,histdata,0.0,0.0,False,False,False,-5.0,7167,0.0,0.0,0,0,0
15m@v1,2021-01-10T22:00Z,2021-01-15T22:00Z,histdata,0.0,0.0,False,False,False,-5.0,7168,0.0,0.0,0,0,0
15m@v1,2021-01-17T22:00Z,2021-01-22T22:00Z,histdata,0.0,0.0,False,False,False,-5.0,7138,0.0,0.0,0,0,0
15m@v1,2021-01-24T22:00Z,2021-01-29T22:00Z,histdata,0.0,0.0,False,False,False,-5.0,7145,0.0,0.0,0,0,0
15m@v1,2021-01-31T22:00Z,2021-02-05T22:00Z,histdata,0.0,0.0,False,False,False,-5.0,7142,0.0,0.0,0,0,0
15m@v1,2021-02-07T22:00Z,2021-02-12T22:00Z,histdata,0.0,0.0,False,False,False,-5.0,7102,0.0,0.0,0,0,0
15m@v1,2021-02-14T22:00Z,2021-02-19T22:00Z,histdata,0.0,0.0,False,False,False,-5.0,7146,0.0,0.0,0,0,0
15m@v1,2021-02-21T22:00Z,2021-02-26T22:00Z,histdata,0.0,0.0,False,False,False,-5.0,7151,0.0,0.0,0,0,0
15m@v1,2021-02-28T22:00Z,2021-03-05T22:00Z,histdata,0.0,0.0,False,False,False,-5.0,7161,0.0,0.0,0,0,0
15m@v1,2021-03-07T22:00Z,2021-03-12T22:00Z,histdata,0.0,0.0,False,False,False,-5.0,7161,0.0,0.0,0,0,0
15m@v1,2021-03-14T21:00Z,2021-03-19T21:00Z,histdata,-1.0,-1.0,True,True,False,-5.0,7143,0.0,0.0,4,0,0
15m@v1,2021-03-21T21:00Z,2021-03-26T21:00Z,histdata,-1.0,-1.0,True,True,False,-5.0,7150,0.0,0.0,4,0,0
15m@v1,2021-03-28T21:00Z,2021-04-02T21:00Z,histdata,0.0,0.0,False,True,True,-4.0,7059,0.0,0.0,0,0,0
15m@v1,2021-04-04T21:00Z,2021-04-09T21:00Z,histdata,0.0,0.0,False,True,True,-4.0,7149,0.0,0.0,0,0,0
15m@v1,2021-04-11T21:00Z,2021-04-16T21:00Z,histdata,0.0,0.0,False,True,True,-4.0,7092,0.08333333333333333,0.0,0,0,0
15m@v1,2021-04-18T21:00Z,2021-04-23T21:00Z,histdata,0.0,0.0,False,True,True,-4.0,7122,0.0,0.0,0,0,0
15m@v1,2021-04-25T21:00Z,2021-04-30T21:00Z,histdata,0.0,0.0,False,True,True,-4.0,7124,0.0,0.0,0,0,0
15m@v1,2021-05-02T21:00Z,2021-05-07T21:00Z,histdata,0.0,0.0,False,True,True,-4.0,7079,0.0,0.0,0,0,0
15m@v1,2021-05-09T21:00Z,2021-05-14T21:00Z,histdata,0.0,0.0,False,True,True,-4.0,7119,0.0,0.0,0,0,0
15m@v1,2021-05-16T21:00Z,2021-05-21T21:00Z,histdata,0.0,0.0,False,True,True,-4.0,7105,0.0,0.0,0,0,0
15m@v1,2021-05-23T21:00Z,2021-05-28T21:00Z,histdata,0.0,0.0,False,True,True,-4.0,7107,0.0,0.0,0,0,0
15m@v1,2021-05-30T21:00Z,2021-06-04T21:00Z,histdata,0.0,0.0,False,True,True,-4.0,5845,0.0,0.0,0,0,0
15m@v1,2021-06-06T21:00Z,2021-06-11T21:00Z,histdata,0.0,0.0,False,True,True,-4.0,7048,0.0,0.0,0,0,0
15m@v1,2021-06-13T21:00Z,2021-06-18T21:00Z,histdata,0.0,0.0,False,True,True,-4.0,7130,0.0,0.0,0,0,0
15m@v1,2021-06-20T21:00Z,2021-06-25T21:00Z,histdata,0.0,0.0,False,True,True,-4.0,7143,0.05,0.0,0,0,0
15m@v1,2021-06-27T21:00Z,2021-07-02T21:00Z,histdata,0.0,0.0,False,True,True,-4.0,7068,0.016666666666666666,0.0,0,0,0
15m@v1,2021-07-04T21:00Z,2021-07-09T21:00Z,histdata,0.0,0.0,False,True,True,-4.0,7124,0.0,0.0,0,0,0
15m@v1,2021-07-11T21:00Z,2021-07-16T21:00Z,histdata,0.0,0.0,False,True,True,-4.0,7133,0.03333333333333333,0.0,0,0,0
15m@v1,2021-07-18T21:00Z,2021-07-23T21:00Z,histdata,0.0,0.0,False,True,True,-4.0,7109,0.0,0.0,0,0,0
15m@v1,2021-07-25T21:00Z,2021-07-30T21:00Z,histdata,0.0,0.0,False,True,True,-4.0,7132,0.0,0.0,0,0,0
15m@v1,2021-08-01T21:00Z,2021-08-06T21:00Z,histdata,0.0,0.0,False,True,True,-4.0,7100,0.0,0.0,0,0,0
15m@v1,2021-08-08T21:00Z,2021-08-13T21:00Z,histdata,0.0,0.0,False,True,True,-4.0,7044,0.0,0.0,0,0,0
15m@v1,2021-08-15T21:00Z,2021-08-20T21:00Z,histdata,0.0,0.0,False,True,True,-4.0,7082,0.06666666666666667,0.0,0,0,0
15m@v1,2021-08-22T21:00Z,2021-08-27T21:00Z,histdata,0.0,0.0,False,True,True,-4.0,7095,0.05,0.0,0,0,0
15m@v1,2021-08-29T21:00Z,2021-09-03T21:00Z,histdata,0.0,0.0,False,True,True,-4.0,7059,0.0,0.0,0,0,0
15m@v1,2021-09-05T21:00Z,2021-09-10T21:00Z,histdata,0.0,0.0,False,True,True,-4.0,7112,0.05,0.0,0,0,0
15m@v1,2021-09-12T21:00Z,2021-09-17T21:00Z,histdata,0.0,0.0,False,True,True,-4.0,7082,0.0,0.0,0,0,0
15m@v1,2021-09-19T21:00Z,2021-09-24T21:00Z,histdata,0.0,0.0,False,True,True,-4.0,7097,0.0,0.0,0,0,0
15m@v1,2021-09-26T21:00Z,2021-10-01T21:00Z,histdata,0.0,0.0,False,True,True,-4.0,7153,0.0,0.0,0,0,0
15m@v1,2021-10-03T21:00Z,2021-10-08T21:00Z,histdata,0.0,0.0,False,True,True,-4.0,7145,0.0,0.0,0,0,0
15m@v1,2021-10-10T21:00Z,2021-10-15T21:00Z,histdata,0.0,0.0,False,True,True,-4.0,7153,0.05,0.0,0,0,0
15m@v1,2021-10-17T21:00Z,2021-10-22T21:00Z,histdata,0.0,0.0,False,True,True,-4.0,7146,0.0,0.0,0,0,0
15m@v1,2021-10-24T21:00Z,2021-10-29T21:00Z,histdata,0.0,0.0,False,True,True,-4.0,7161,0.0,0.0,0,0,0
15m@v1,2021-10-31T21:00Z,2021-11-05T21:00Z,histdata,-1.0,-1.0,True,True,False,-5.0,7244,0.0,0.0,4,0,0
15m@v1,2021-11-07T22:00Z,2021-11-12T22:00Z,histdata,0.0,0.0,False,False,False,-5.0,7162,0.0,0.0,0,0,0
15m@v1,2021-11-14T22:00Z,2021-11-19T22:00Z,histdata,0.0,0.0,False,False,False,-5.0,7185,0.0,0.0,0,0,0
15m@v1,2021-11-21T22:00Z,2021-11-26T22:00Z,histdata,0.0,0.0,False,False,False,-5.0,7175,0.0,-0.016666666666666666,0,0,0
15m@v1,2021-11-28T22:00Z,2021-12-03T22:00Z,histdata,0.0,0.0,False,False,False,-5.0,7198,0.0,0.0,0,0,0
15m@v1,2021-12-05T22:00Z,2021-12-10T22:00Z,histdata,0.0,0.0,False,False,False,-5.0,7171,0.0,0.0,0,0,0
15m@v1,2021-12-12T22:00Z,2021-12-17T22:00Z,histdata,0.0,0.0,False,False,False,-5.0,7166,0.0,0.0,0,0,0
15m@v1,2021-12-19T22:00Z,2021-12-24T22:00Z,histdata,0.0,0.0,False,False,False,-5.0,7139,0.0,-0.016666666666666666,0,0,0
15m@v1,2021-12-26T22:00Z,2021-12-31T22:00Z,histdata,0.0,0.0,False,False,False,-5.0,7062,0.0,-0.016666666666666666,0,0,0
15m@v1,2022-01-02T22:00Z,2022-01-07T22:00Z,histdata,0.0,0.0,False,False,False,-5.0,7150,0.0,0.0,0,0,0
15m@v1,2022-01-09T22:00Z,2022-01-14T22:00Z,histdata,0.0,0.0,False,False,False,-5.0,7161,0.0,0.0,0,0,0
15m@v1,2022-01-16T22:00Z,2022-01-21T22:00Z,histdata,0.0,0.0,False,False,False,-5.0,7120,0.0,0.0,0,0,0
15m@v1,2022-01-23T22:00Z,2022-01-28T22:00Z,histdata,0.0,0.0,False,False,False,-5.0,7185,0.0,0.0,0,0,0
15m@v1,2022-01-30T22:00Z,2022-02-04T22:00Z,histdata,0.0,0.0,False,False,False,-5.0,7144,0.0,0.0,0,0,0
15m@v1,2022-02-06T22:00Z,2022-02-11T22:00Z,histdata,0.0,0.0,False,False,False,-5.0,7182,0.0,0.0,0,0,0
15m@v1,2022-02-13T22:00Z,2022-02-18T22:00Z,histdata,0.0,0.0,False,False,False,-5.0,7173,0.0,0.0,0,0,0
15m@v1,2022-02-20T22:00Z,2022-02-25T22:00Z,histdata,0.0,0.0,False,False,False,-5.0,7170,0.0,0.0,0,0,0
15m@v1,2022-02-27T22:00Z,2022-03-04T22:00Z,histdata,0.0,0.0,False,False,False,-5.0,7178,0.0,0.0,0,0,0
15m@v1,2022-03-06T22:00Z,2022-03-11T22:00Z,histdata,0.0,0.0,False,False,False,-5.0,7187,0.0,0.0,0,0,0
15m@v1,2022-03-13T21:00Z,2022-03-18T21:00Z,histdata,-1.0,-1.0,True,True,False,-5.0,7172,0.0,0.0,4,0,0
15m@v1,2022-03-20T21:00Z,2022-03-25T21:00Z,histdata,-1.0,-1.0,True,True,False,-5.0,7164,0.06666666666666667,0.0,4,0,0
15m@v1,2022-03-27T21:00Z,2022-04-01T21:00Z,histdata,0.0,0.0,False,True,True,-4.0,7094,0.0,0.0,0,0,0
15m@v1,2022-04-03T21:00Z,2022-04-08T21:00Z,histdata,0.0,0.0,False,True,True,-4.0,7149,0.0,0.0,0,0,0
15m@v1,2022-04-10T21:00Z,2022-04-15T21:00Z,histdata,0.0,0.0,False,True,True,-4.0,7169,0.0,-0.016666666666666666,0,0,0
15m@v1,2022-04-17T21:00Z,2022-04-22T21:00Z,histdata,0.0,0.0,False,True,True,-4.0,7170,0.2,0.0,0,0,0
15m@v1,2022-04-24T21:00Z,2022-04-29T21:00Z,histdata,0.0,0.0,False,True,True,-4.0,7167,0.2,0.0,0,0,0
15m@v1,2022-05-01T21:00Z,2022-05-06T21:00Z,histdata,0.0,0.0,False,True,True,-4.0,7182,0.0,0.0,0,0,0
15m@v1,2022-05-08T21:00Z,2022-05-13T21:00Z,histdata,0.0,0.0,False,True,True,-4.0,7173,0.0,0.0,0,0,0
15m@v1,2022-05-15T21:00Z,2022-05-20T21:00Z,histdata,0.0,0.0,False,True,True,-4.0,7170,0.1,0.0,0,0,0
15m@v1,2022-05-22T21:00Z,2022-05-27T21:00Z,histdata,0.0,0.0,False,True,True,-4.0,7172,0.0,0.0,0,0,0
15m@v1,2022-05-29T21:00Z,2022-06-03T21:00Z,histdata,0.0,0.0,False,True,True,-4.0,7171,0.03333333333333333,0.0,0,0,0
15m@v1,2022-06-05T21:00Z,2022-06-10T21:00Z,histdata,0.0,0.0,False,True,True,-4.0,7180,0.0,0.0,0,0,0
15m@v1,2022-06-12T21:00Z,2022-06-17T21:00Z,histdata,0.0,0.0,False,True,True,-4.0,7185,0.0,0.0,0,0,0
15m@v1,2022-06-19T21:00Z,2022-06-24T21:00Z,histdata,0.0,0.0,False,True,True,-4.0,7165,0.0,0.0,0,0,0
15m@v1,2022-06-26T21:00Z,2022-07-01T21:00Z,histdata,0.5,0.0,False,True,True,-4.0,7159,0.5,0.0,0,0,0
15m@v1,2022-07-03T21:00Z,2022-07-08T21:00Z,histdata,0.0,0.0,False,True,True,-4.0,7149,0.0,0.0,0,0,0
15m@v1,2022-07-10T21:00Z,2022-07-15T21:00Z,histdata,0.0,0.0,False,True,True,-4.0,7188,0.0,0.0,0,0,0
15m@v1,2022-07-17T21:00Z,2022-07-22T21:00Z,histdata,0.0,0.0,False,True,True,-4.0,7165,0.08333333333333333,0.0,0,0,0
15m@v1,2022-07-24T21:00Z,2022-07-29T21:00Z,histdata,0.0,0.0,False,True,True,-4.0,7184,0.0,0.0,0,0,0
15m@v1,2022-07-31T21:00Z,2022-08-05T21:00Z,histdata,0.0,0.0,False,True,True,-4.0,7176,0.06666666666666667,0.0,0,0,0
15m@v1,2022-08-07T21:00Z,2022-08-12T21:00Z,histdata,0.0,0.0,False,True,True,-4.0,7160,0.06666666666666667,0.0,0,0,0
15m@v1,2022-08-14T21:00Z,2022-08-19T21:00Z,histdata,0.0,0.0,False,True,True,-4.0,7164,0.08333333333333333,0.0,0,0,0
15m@v1,2022-08-21T21:00Z,2022-08-26T21:00Z,histdata,0.0,0.0,False,True,True,-4.0,7156,0.0,0.0,0,0,0
15m@v1,2022-08-28T21:00Z,2022-09-02T21:00Z,histdata,0.0,0.0,False,True,True,-4.0,7059,0.0,0.0,0,0,0
15m@v1,2022-09-04T21:00Z,2022-09-09T21:00Z,histdata,0.0,0.0,False,True,True,-4.0,7181,0.0,0.0,0,0,0
15m@v1,2022-09-11T21:00Z,2022-09-16T21:00Z,histdata,0.0,0.0,False,True,True,-4.0,7187,0.0,0.0,0,0,0
15m@v1,2022-09-18T21:00Z,2022-09-23T21:00Z,histdata,0.0,0.0,False,True,True,-4.0,7156,0.0,0.0,0,0,0
15m@v1,2022-09-25T21:00Z,2022-09-30T21:00Z,histdata,0.0,0.0,False,True,True,-4.0,7182,0.0,0.0,0,0,0
15m@v1,2022-10-02T21:00Z,2022-10-07T21:00Z,histdata,0.0,0.0,False,True,True,-4.0,7169,0.08333333333333333,0.0,0,0,0
15m@v1,2022-10-09T21:00Z,2022-10-14T21:00Z,histdata,0.0,0.0,False,True,True,-4.0,7141,0.21666666666666667,0.0,0,0,0
15m@v1,2022-10-16T21:00Z,2022-10-21T21:00Z,histdata,0.0,0.0,False,True,True,-4.0,7175,0.0,0.0,0,0,0
15m@v1,2022-10-23T21:00Z,2022-10-28T21:00Z,histdata,0.0,0.0,False,True,True,-4.0,7160,0.08333333333333333,0.0,0,0,0
15m@v1,2022-10-30T21:00Z,2022-11-04T21:00Z,histdata,-1.0,-1.0,True,True,False,-5.0,7221,0.0,0.0,4,0,0
15m@v1,2022-11-06T22:00Z,2022-11-11T22:00Z,histdata,0.0,0.0,False,False,False,-5.0,7186,0.0,0.0,0,0,0
15m@v1,2022-11-13T22:00Z,2022-11-18T22:00Z,histdata,0.0,0.0,False,False,False,-5.0,7188,0.0,0.0,0,0,0
15m@v1,2022-11-20T22:00Z,2022-11-25T22:00Z,histdata,0.0,0.0,False,False,False,-5.0,7176,0.0,0.0,0,0,0
15m@v1,2022-11-27T22:00Z,2022-12-02T22:00Z,histdata,0.0,0.0,False,False,False,-5.0,7173,0.0,0.0,0,0,0
15m@v1,2022-12-04T22:00Z,2022-12-09T22:00Z,histdata,0.0,0.0,False,False,False,-5.0,7171,0.0,0.0,0,0,0
15m@v1,2022-12-11T22:00Z,2022-12-16T22:00Z,histdata,0.0,0.0,False,False,False,-5.0,7170,0.0,0.0,0,0,0
15m@v1,2022-12-18T22:00Z,2022-12-23T22:00Z,histdata,0.0,0.0,False,False,False,-5.0,7186,0.016666666666666666,0.0,0,0,0
15m@v1,2022-12-25T22:00Z,2022-12-30T22:00Z,histdata,0.0,0.0,False,False,False,-5.0,7081,0.06666666666666667,-0.016666666666666666,0,0,0
15m@v1,2023-01-01T22:00Z,2023-01-06T22:00Z,histdata,0.0,0.0,False,False,False,-5.0,7096,0.0,0.0,0,0,0
15m@v1,2023-01-08T22:00Z,2023-01-13T22:00Z,histdata,0.0,0.0,False,False,False,-5.0,7178,0.0,0.0,0,0,0
15m@v1,2023-01-15T22:00Z,2023-01-20T22:00Z,histdata,0.0,0.0,False,False,False,-5.0,7172,0.0,0.0,0,0,0
15m@v1,2023-01-22T22:00Z,2023-01-27T22:00Z,histdata,0.0,0.0,False,False,False,-5.0,7164,0.0,0.0,0,0,0
15m@v1,2023-01-29T22:00Z,2023-02-03T22:00Z,dukascopy|histdata,0.0,0.0,False,False,False,-5.0,7159,0.0,0.0,0,0,0
15m@v1,2023-02-05T22:00Z,2023-02-10T22:00Z,dukascopy,0.0,0.0,False,False,False,-5.0,7189,0.0,0.0,0,0,0
15m@v1,2023-02-12T22:00Z,2023-02-17T22:00Z,dukascopy,0.0,0.0,False,False,False,-5.0,7186,0.0,0.0,0,0,0
15m@v1,2023-02-19T22:00Z,2023-02-24T22:00Z,dukascopy,0.0,0.0,False,False,False,-5.0,5084,0.0,0.0,0,0,0
15m@v1,2023-02-26T22:00Z,2023-03-03T22:00Z,dukascopy,0.0,0.0,False,False,False,-5.0,4950,2.0,0.0,0,0,0
15m@v1,2023-03-05T22:00Z,2023-03-10T22:00Z,dukascopy,0.0,0.0,False,False,False,-5.0,5072,0.0,-1.0,0,0,0
15m@v1,2023-03-12T21:00Z,2023-03-17T21:00Z,dukascopy,0.0,0.0,False,True,False,-5.0,5098,0.0,-1.0,0,0,0
15m@v1,2023-03-19T21:00Z,2023-03-24T21:00Z,dukascopy,0.0,0.0,False,True,False,-5.0,5089,0.016666666666666666,-1.0,0,0,0
15m@v1,2023-03-26T21:00Z,2023-03-31T21:00Z,dukascopy,0.0,0.0,False,True,True,-5.0,5039,2.0,0.0,0,0,0
15m@v1,2023-04-02T21:00Z,2023-04-07T21:00Z,dukascopy,0.0,0.0,False,True,True,-5.0,4544,3.0,-20.0,0,0,0
15m@v1,2023-04-09T21:00Z,2023-04-14T21:00Z,dukascopy,0.0,0.0,False,True,True,-4.0,5094,2.0,0.0,0,0,0
15m@v1,2023-04-16T21:00Z,2023-04-21T21:00Z,dukascopy,0.0,0.0,False,True,True,-5.0,4978,2.0,0.0,0,0,0
15m@v1,2023-04-23T21:00Z,2023-04-28T21:00Z,dukascopy,0.0,0.0,False,True,True,-5.0,5036,2.0,-1.0,0,0,0
15m@v1,2023-04-30T21:00Z,2023-05-05T21:00Z,dukascopy,0.0,0.0,False,True,True,-5.0,4978,2.0,0.0,0,0,0
15m@v1,2023-05-07T21:00Z,2023-05-12T21:00Z,dukascopy,0.0,0.0,False,True,True,-5.0,5026,1.0666666666666667,0.0,0,0,0
15m@v1,2023-05-14T21:00Z,2023-05-19T21:00Z,dukascopy,0.0,0.0,False,True,True,-5.0,5088,1.0,0.0,0,0,0
15m@v1,2023-05-21T21:00Z,2023-05-26T21:00Z,dukascopy,0.0,0.0,False,True,True,-5.0,5087,1.0,0.0,0,0,0
15m@v1,2023-05-28T21:00Z,2023-06-02T21:00Z,dukascopy,0.0,0.0,False,True,True,-4.0,5090,1.0,0.0,0,0,0
15m@v1,2023-06-04T21:00Z,2023-06-09T21:00Z,dukascopy,0.0,0.0,False,True,True,-5.0,5032,2.0,-1.0,0,0,0
15m@v1,2023-06-11T21:00Z,2023-06-16T21:00Z,dukascopy,0.0,0.0,False,True,True,-4.0,5091,1.0,0.0,0,0,0
15m@v1,2023-06-18T21:00Z,2023-06-23T21:00Z,dukascopy,0.0,0.0,False,True,True,-5.0,5081,1.0166666666666666,0.0,0,0,0
15m@v1,2023-06-25T21:00Z,2023-06-30T21:00Z,dukascopy,0.0,0.0,False,True,True,-4.0,5089,1.0,0.0,0,0,0
15m@v1,2023-07-02T21:00Z,2023-07-07T21:00Z,dukascopy,0.0,0.0,False,True,True,-4.0,5087,1.0,0.0,0,0,0
15m@v1,2023-07-09T21:00Z,2023-07-14T21:00Z,dukascopy,0.0,0.0,False,True,True,-4.0,5143,0.08333333333333333,0.0,0,0,0
15m@v1,2023-07-16T21:00Z,2023-07-21T21:00Z,dukascopy,0.0,0.0,False,True,True,-5.0,5096,2.0,0.0,0,0,0
15m@v1,2023-07-23T21:00Z,2023-07-28T21:00Z,dukascopy,0.0,0.0,False,True,True,-5.0,5031,2.0,-1.0,0,0,0
15m@v1,2023-07-30T21:00Z,2023-08-04T21:00Z,dukascopy|histdata,0.0,0.0,False,True,True,-4.0,7187,0.0,0.0,0,0,0
15m@v1,2023-08-06T21:00Z,2023-08-11T21:00Z,histdata,0.0,0.0,False,True,True,-4.0,7183,0.0,0.0,0,0,0
15m@v1,2023-08-13T21:00Z,2023-08-18T21:00Z,histdata,0.0,0.0,False,True,True,-4.0,7181,0.016666666666666666,0.0,0,0,0
15m@v1,2023-08-20T21:00Z,2023-08-25T21:00Z,histdata,0.0,0.0,False,True,True,-4.0,7179,0.016666666666666666,0.0,0,0,0
15m@v1,2023-08-27T21:00Z,2023-09-01T21:00Z,histdata,0.0,0.0,False,True,True,-4.0,7181,0.0,0.0,0,0,0
15m@v1,2023-09-03T21:00Z,2023-09-08T21:00Z,histdata,0.0,0.0,False,True,True,-4.0,7151,0.05,0.0,0,0,0
15m@v1,2023-09-10T21:00Z,2023-09-15T21:00Z,histdata,0.0,0.0,False,True,True,-4.0,7166,0.0,0.0,0,0,0
15m@v1,2023-09-17T21:00Z,2023-09-22T21:00Z,histdata,0.0,0.0,False,True,True,-4.0,7172,0.0,0.0,0,0,0
15m@v1,2023-09-24T21:00Z,2023-09-29T21:00Z,histdata,0.0,0.0,False,True,True,-4.0,7137,0.06666666666666667,0.0,0,0,0
15m@v1,2023-10-01T21:00Z,2023-10-06T21:00Z,histdata,0.0,0.0,False,True,True,-4.0,7188,0.0,0.0,0,0,0
15m@v1,2023-10-08T21:00Z,2023-10-13T21:00Z,histdata,0.0,0.0,False,True,True,-4.0,7186,0.0,0.0,0,0,0
15m@v1,2023-10-15T21:00Z,2023-10-20T21:00Z,histdata,0.0,0.0,False,True,True,-4.0,7179,0.0,0.0,0,0,0
15m@v1,2023-10-22T21:00Z,2023-10-27T21:00Z,histdata,0.0,0.0,False,True,True,-4.0,7172,0.0,0.0,0,0,0
15m@v1,2023-10-29T21:00Z,2023-11-03T21:00Z,histdata,-1.0,-1.0,True,True,False,-5.0,7239,0.0,0.0,4,0,0
15m@v1,2023-11-05T22:00Z,2023-11-10T22:00Z,histdata,0.0,0.0,False,False,False,-5.0,7187,0.0,0.0,0,0,0
15m@v1,2023-11-12T22:00Z,2023-11-17T22:00Z,histdata,0.0,0.0,False,False,False,-5.0,7183,0.0,0.0,0,0,0
15m@v1,2023-11-19T22:00Z,2023-11-24T22:00Z,histdata,0.0,0.0,False,False,False,-5.0,7164,0.06666666666666667,0.0,0,0,0
15m@v1,2023-11-26T22:00Z,2023-12-01T22:00Z,histdata,0.0,0.0,False,False,False,-5.0,7190,0.0,0.0,0,0,0
15m@v1,2023-12-03T22:00Z,2023-12-08T22:00Z,histdata,0.0,0.0,False,False,False,-5.0,7191,0.0,0.0,0,0,0
15m@v1,2023-12-10T22:00Z,2023-12-15T22:00Z,histdata,0.0,0.0,False,False,False,-5.0,7193,0.0,0.0,0,0,0
15m@v1,2023-12-17T22:00Z,2023-12-22T22:00Z,histdata,0.0,0.0,False,False,False,-5.0,7192,0.0,-0.016666666666666666,0,0,0
15m@v1,2023-12-24T22:00Z,2023-12-29T22:00Z,histdata,1.5,0.0,False,False,False,-5.0,6108,1.5333333333333334,-0.016666666666666666,0,0,0
15m@v1,2023-12-31T22:00Z,2024-01-05T22:00Z,histdata,24.0,0.0,False,False,False,-5.0,5744,24.0,0.0,0,0,0
15m@v1,2024-01-07T22:00Z,2024-01-12T22:00Z,histdata,0.0,0.0,False,False,False,-5.0,7193,0.08333333333333333,0.0,0,0,0
15m@v1,2024-01-14T22:00Z,2024-01-19T22:00Z,histdata,0.0,0.0,False,False,False,-5.0,7190,0.06666666666666667,0.0,0,0,0
15m@v1,2024-01-21T22:00Z,2024-01-26T22:00Z,histdata,0.0,0.0,False,False,False,-5.0,7193,0.0,0.0,0,0,0
15m@v1,2024-01-28T22:00Z,2024-02-02T22:00Z,histdata,0.0,0.0,False,False,False,-5.0,7183,0.0,0.0,0,0,0
15m@v1,2024-02-04T22:00Z,2024-02-09T22:00Z,histdata,0.0,0.0,False,False,False,-5.0,7191,0.0,0.0,0,0,0
15m@v1,2024-02-11T22:00Z,2024-02-16T22:00Z,histdata,0.0,0.0,False,False,False,-5.0,7187,0.0,0.0,0,0,0
15m@v1,2024-02-18T22:00Z,2024-02-23T22:00Z,histdata,0.0,0.0,False,False,False,-5.0,7164,0.0,0.0,0,0,0
15m@v1,2024-02-25T22:00Z,2024-03-01T22:00Z,histdata,0.0,0.0,False,False,False,-5.0,7182,0.0,0.0,0,0,0
15m@v1,2024-03-03T22:00Z,2024-03-08T22:00Z,histdata,0.0,0.0,False,False,False,-5.0,7186,0.0,0.0,0,0,0
15m@v1,2024-03-10T21:00Z,2024-03-15T21:00Z,histdata,-1.0,-1.0,True,True,False,-5.0,7174,0.06666666666666667,0.0,4,0,0
15m@v1,2024-03-17T21:00Z,2024-03-22T21:00Z,histdata,-1.0,-1.0,True,True,False,-5.0,7172,0.0,0.0,4,0,0
15m@v1,2024-03-24T21:00Z,2024-03-29T21:00Z,histdata,-1.0,-1.0,True,True,False,-5.0,7172,0.05,0.0,4,0,0
15m@v1,2024-03-31T21:00Z,2024-04-05T21:00Z,histdata,0.0,0.0,False,True,True,-4.0,7129,0.0,0.0,0,0,0
15m@v1,2024-04-07T21:00Z,2024-04-12T21:00Z,histdata,0.0,0.0,False,True,True,-4.0,7189,0.0,0.0,0,0,0
15m@v1,2024-04-14T21:00Z,2024-04-19T21:00Z,histdata,0.0,0.0,False,True,True,-4.0,7184,0.0,0.0,0,0,0
15m@v1,2024-04-21T21:00Z,2024-04-26T21:00Z,histdata,0.0,0.0,False,True,True,-4.0,7167,0.0,0.0,0,0,0
15m@v1,2024-04-28T21:00Z,2024-05-03T21:00Z,histdata,0.0,0.0,False,True,True,-4.0,7188,0.0,0.0,0,0,0
15m@v1,2024-05-05T21:00Z,2024-05-10T21:00Z,histdata,0.0,0.0,False,True,True,-4.0,7159,0.06666666666666667,0.0,0,0,0
15m@v1,2024-05-12T21:00Z,2024-05-17T21:00Z,histdata,0.0,0.0,False,True,True,-4.0,7163,0.0,0.0,0,0,0
15m@v1,2024-05-19T21:00Z,2024-05-24T21:00Z,histdata,0.0,0.0,False,True,True,-4.0,7167,0.0,0.0,0,0,0
15m@v1,2024-05-26T21:00Z,2024-05-31T21:00Z,histdata,0.0,0.0,False,True,True,-4.0,7165,0.06666666666666667,0.0,0,0,0
15m@v1,2024-06-02T21:00Z,2024-06-07T21:00Z,histdata,0.0,0.0,False,True,True,-4.0,7174,0.016666666666666666,0.0,0,0,0
15m@v1,2024-06-09T21:00Z,2024-06-14T21:00Z,histdata,0.0,0.0,False,True,True,-4.0,7170,0.03333333333333333,0.0,0,0,0
15m@v1,2024-06-16T21:00Z,2024-06-21T21:00Z,histdata,0.0,0.0,False,True,True,-4.0,7161,0.06666666666666667,0.0,0,0,0
15m@v1,2024-06-23T21:00Z,2024-06-28T21:00Z,histdata,0.0,0.0,False,True,True,-4.0,7178,0.0,0.0,0,0,0
15m@v1,2024-06-30T21:00Z,2024-07-05T21:00Z,histdata,0.0,0.0,False,True,True,-4.0,7153,0.0,0.0,0,0,0
15m@v1,2024-07-07T21:00Z,2024-07-12T21:00Z,histdata,0.0,0.0,False,True,True,-4.0,7173,0.0,0.0,0,0,0
15m@v1,2024-07-14T21:00Z,2024-07-19T21:00Z,histdata,0.0,0.0,False,True,True,-4.0,7184,0.0,0.0,0,0,0
15m@v1,2024-07-21T21:00Z,2024-07-26T21:00Z,histdata,0.0,0.0,False,True,True,-4.0,7176,0.06666666666666667,0.0,0,0,0
15m@v1,2024-07-28T21:00Z,2024-08-02T21:00Z,histdata,0.0,0.0,False,True,True,-4.0,7190,0.0,0.0,0,0,0
15m@v1,2024-08-04T21:00Z,2024-08-09T21:00Z,histdata,0.0,0.0,False,True,True,-4.0,6950,0.05,0.0,0,0,0
15m@v1,2024-08-11T21:00Z,2024-08-16T21:00Z,histdata,0.0,0.0,False,True,True,-4.0,7178,0.08333333333333333,0.0,0,0,0
15m@v1,2024-08-18T21:00Z,2024-08-23T21:00Z,histdata,0.0,0.0,False,True,True,-4.0,7185,0.0,0.0,0,0,0
15m@v1,2024-08-25T21:00Z,2024-08-30T21:00Z,histdata,0.0,0.0,False,True,True,-4.0,7188,0.0,0.0,0,0,0
15m@v1,2024-09-01T21:00Z,2024-09-06T21:00Z,histdata,0.0,0.0,False,True,True,-4.0,7140,0.06666666666666667,0.0,0,0,0
15m@v1,2024-09-08T21:00Z,2024-09-13T21:00Z,histdata,0.0,0.0,False,True,True,-4.0,7174,0.06666666666666667,0.0,0,0,0
15m@v1,2024-09-15T21:00Z,2024-09-20T21:00Z,histdata,0.0,0.0,False,True,True,-4.0,7156,0.016666666666666666,0.0,0,0,0
15m@v1,2024-09-22T21:00Z,2024-09-27T21:00Z,histdata,0.0,0.0,False,True,True,-4.0,7147,0.08333333333333333,0.0,0,0,0
15m@v1,2024-09-29T21:00Z,2024-10-04T21:00Z,histdata,0.0,0.0,False,True,True,-4.0,7141,0.1,0.0,0,0,0
15m@v1,2024-10-06T21:00Z,2024-10-11T21:00Z,histdata,0.0,0.0,False,True,True,-4.0,7171,0.0,0.0,0,0,0
15m@v1,2024-10-13T21:00Z,2024-10-18T21:00Z,histdata,0.0,0.0,False,True,True,-4.0,7166,0.03333333333333333,0.0,0,0,0
15m@v1,2024-10-20T21:00Z,2024-10-25T21:00Z,histdata,0.0,0.0,False,True,True,-4.0,6676,0.0,0.0,0,0,0
15m@v1,2024-10-27T21:00Z,2024-11-01T21:00Z,histdata,-1.0,-1.0,True,True,False,-5.0,6758,0.0,0.0,8,0,0
15m@v1,2024-11-03T22:00Z,2024-11-08T22:00Z,histdata,0.0,0.0,False,False,False,-5.0,7184,0.0,0.0,0,0,0
15m@v1,2024-11-10T22:00Z,2024-11-15T22:00Z,histdata,0.0,0.0,False,False,False,-5.0,7067,0.0,0.0,0,0,0
15m@v1,2024-11-17T22:00Z,2024-11-22T22:00Z,histdata,0.0,0.0,False,False,False,-5.0,7169,0.05,0.0,0,0,0
15m@v1,2024-11-24T22:00Z,2024-11-29T22:00Z,histdata,0.0,0.0,False,False,False,-5.0,7161,0.0,0.0,0,0,0
15m@v1,2024-12-01T22:00Z,2024-12-06T22:00Z,histdata,0.0,0.0,False,False,False,-5.0,7176,0.06666666666666667,0.0,0,0,0
15m@v1,2024-12-08T22:00Z,2024-12-13T22:00Z,histdata,0.0,0.0,False,False,False,-5.0,7127,0.06666666666666667,0.0,0,0,0
15m@v1,2024-12-15T22:00Z,2024-12-20T22:00Z,histdata,0.0,0.0,False,False,False,-5.0,7169,0.0,0.0,0,0,0
15m@v1,2024-12-22T22:00Z,2024-12-27T22:00Z,histdata,0.0,0.0,False,False,False,-5.0,6149,0.06666666666666667,0.0,0,0,0
15m@v1,2024-12-29T22:00Z,2025-01-03T22:00Z,histdata,0.0,0.0,False,False,False,-5.0,5712,0.03333333333333333,0.0,0,0,0
15m@v1,2025-01-05T22:00Z,2025-01-10T22:00Z,histdata,0.0,0.0,False,False,False,-5.0,7161,0.03333333333333333,0.0,0,0,0
15m@v1,2025-01-12T22:00Z,2025-01-17T22:00Z,histdata,0.0,0.0,False,False,False,-5.0,7178,0.06666666666666667,0.0,0,0,0
15m@v1,2025-01-19T22:00Z,2025-01-24T22:00Z,histdata,0.0,0.0,False,False,False,-5.0,7169,0.06666666666666667,0.0,0,0,0
15m@v1,2025-01-26T22:00Z,2025-01-31T22:00Z,histdata,0.0,0.0,False,False,False,-5.0,7169,0.0,0.0,0,0,0
15m@v1,2025-02-02T22:00Z,2025-02-07T22:00Z,histdata,0.0,0.0,False,False,False,-5.0,7173,0.0,0.0,0,0,0
15m@v1,2025-02-09T22:00Z,2025-02-14T22:00Z,histdata,0.0,0.0,False,False,False,-5.0,7186,0.0,0.0,0,0,0
15m@v1,2025-02-16T22:00Z,2025-02-21T22:00Z,histdata,0.0,0.0,False,False,False,-5.0,7164,0.0,0.0,0,0,0
15m@v1,2025-02-23T22:00Z,2025-02-28T22:00Z,histdata,0.0,0.0,False,False,False,-5.0,7157,0.0,0.0,0,0,0
15m@v1,2025-03-02T22:00Z,2025-03-07T22:00Z,histdata,0.0,0.0,False,False,False,-5.0,7171,0.06666666666666667,0.0,0,0,0
15m@v1,2025-03-09T21:00Z,2025-03-14T21:00Z,histdata,-1.0,-1.0,True,True,False,-5.0,7130,0.0,0.0,4,0,0
15m@v1,2025-03-16T21:00Z,2025-03-21T21:00Z,histdata,-1.0,-1.0,True,True,False,-5.0,7164,0.0,0.0,4,0,0
15m@v1,2025-03-23T21:00Z,2025-03-28T21:00Z,histdata,-1.0,-1.0,True,True,False,-5.0,7150,0.0,0.0,4,0,0
15m@v1,2025-03-30T21:00Z,2025-04-04T21:00Z,histdata,0.0,0.0,False,True,True,-4.0,7096,0.0,0.0,0,0,0
15m@v1,2025-04-06T21:00Z,2025-04-11T21:00Z,histdata,0.0,0.0,False,True,True,-4.0,7138,0.016666666666666666,0.0,0,0,0
15m@v1,2025-04-13T21:00Z,2025-04-18T21:00Z,histdata,0.0,0.0,False,True,True,-4.0,7146,0.0,0.0,0,0,0
15m@v1,2025-04-20T21:00Z,2025-04-25T21:00Z,histdata,0.0,0.0,False,True,True,-4.0,7180,0.0,0.0,0,0,0
15m@v1,2025-04-27T21:00Z,2025-05-02T21:00Z,histdata,0.0,0.0,False,True,True,-4.0,7157,0.03333333333333333,0.0,0,0,0
15m@v1,2025-05-04T21:00Z,2025-05-09T21:00Z,histdata,0.0,0.0,False,True,True,-4.0,7175,0.0,0.0,0,0,0
15m@v1,2025-05-11T21:00Z,2025-05-16T21:00Z,histdata,0.0,0.0,False,True,True,-4.0,7179,0.0,0.0,0,0,0
15m@v1,2025-05-18T21:00Z,2025-05-23T21:00Z,histdata,0.0,0.0,False,True,True,-4.0,7184,0.016666666666666666,0.0,0,0,0
15m@v1,2025-05-25T21:00Z,2025-05-30T21:00Z,histdata,0.0,0.0,False,True,True,-4.0,7165,0.06666666666666667,0.0,0,0,0
15m@v1,2025-06-01T21:00Z,2025-06-06T21:00Z,histdata,0.0,0.0,False,True,True,-4.0,7176,0.016666666666666666,0.0,0,0,0
15m@v1,2025-06-08T21:00Z,2025-06-13T21:00Z,histdata,0.0,0.0,False,True,True,-4.0,7162,0.06666666666666667,0.0,0,0,0
15m@v1,2025-06-15T21:00Z,2025-06-20T21:00Z,histdata,0.0,0.0,False,True,True,-4.0,7179,0.06666666666666667,0.0,0,0,0
15m@v1,2025-06-22T21:00Z,2025-06-27T21:00Z,histdata,0.0,0.0,False,True,True,-4.0,7171,0.0,0.0,0,0,0
15m@v1,2025-06-29T21:00Z,2025-07-04T21:00Z,histdata,0.0,0.0,False,True,True,-4.0,7162,0.0,0.0,0,0,0
15m@v1,2025-07-06T21:00Z,2025-07-11T21:00Z,histdata,0.0,0.0,False,True,True,-4.0,7168,0.06666666666666667,0.0,0,0,0
15m@v1,2025-07-13T21:00Z,2025-07-18T21:00Z,histdata,0.0,0.0,False,True,True,-4.0,7160,0.0,0.0,0,0,0
15m@v1,2025-07-20T21:00Z,2025-07-25T21:00Z,histdata,0.0,0.0,False,True,True,-4.0,7165,0.0,0.0,0,0,0
15m@v1,2025-07-27T21:00Z,2025-08-01T21:00Z,histdata,0.0,0.0,False,True,True,-4.0,7162,0.0,0.0,0,0,0
15m@v1,2025-08-03T21:00Z,2025-08-08T21:00Z,histdata,0.0,0.0,False,True,True,-4.0,7176,0.0,0.0,0,0,0
15m@v1,2025-08-10T21:00Z,2025-08-15T21:00Z,histdata,0.0,0.0,False,True,True,-4.0,7150,0.06666666666666667,0.0,0,0,0
15m@v1,2025-08-17T21:00Z,2025-08-22T21:00Z,histdata,0.0,0.0,False,True,True,-4.0,7173,0.0,0.0,0,0,0
15m@v1,2025-08-24T21:00Z,2025-08-29T21:00Z,histdata,0.0,0.0,False,True,True,-4.0,7174,0.06666666666666667,0.0,0,0,0
15m@v1,2025-08-31T21:00Z,2025-09-05T21:00Z,histdata,0.0,0.0,False,True,True,-4.0,7146,0.016666666666666666,0.0,0,0,0
15m@v1,2025-09-07T21:00Z,2025-09-12T21:00Z,histdata,0.0,0.0,False,True,True,-4.0,7176,0.0,0.0,0,0,0
15m@v1,2025-09-14T21:00Z,2025-09-19T21:00Z,histdata,0.0,0.0,False,True,True,-4.0,7173,0.15,0.0,0,0,0
15m@v1,2025-09-21T21:00Z,2025-09-26T21:00Z,histdata,0.0,0.0,False,True,True,-4.0,7175,0.016666666666666666,0.0,0,0,0
15m@v1,2025-09-28T21:00Z,2025-10-03T21:00Z,histdata,0.0,0.0,False,True,True,-4.0,7166,0.06666666666666667,0.0,0,0,0
15m@v1,2025-10-05T21:00Z,2025-10-10T21:00Z,histdata,0.0,0.0,False,True,True,-4.0,7177,0.0,0.0,0,0,0
15m@v1,2025-10-12T21:00Z,2025-10-17T21:00Z,histdata,0.0,0.0,False,True,True,-4.0,7185,0.0,0.0,0,0,0
15m@v1,2025-10-19T21:00Z,2025-10-24T21:00Z,histdata,0.0,0.0,False,True,True,-4.0,7167,0.06666666666666667,0.0,0,0,0
15m@v1,2025-10-26T21:00Z,2025-10-31T21:00Z,histdata,-1.0,-1.0,True,True,False,-5.0,7222,0.0,0.0,4,0,0
15m@v1,2025-11-02T22:00Z,2025-11-07T22:00Z,histdata,0.0,0.0,False,False,False,-5.0,7159,0.06666666666666667,0.0,0,0,0
15m@v1,2025-11-09T22:00Z,2025-11-14T22:00Z,histdata,0.0,0.0,False,False,False,-5.0,7182,0.0,0.0,0,0,0
15m@v1,2025-11-16T22:00Z,2025-11-21T22:00Z,histdata,0.0,0.0,False,False,False,-5.0,7187,0.06666666666666667,0.0,0,0,0
15m@v1,2025-11-23T22:00Z,2025-11-28T22:00Z,histdata,0.0,0.0,False,False,False,-5.0,7172,0.06666666666666667,0.0,0,0,0
15m@v1,2025-11-30T22:00Z,2025-12-05T22:00Z,histdata,0.0,0.0,False,False,False,-5.0,7189,0.0,0.0,0,0,0
15m@v1,2025-12-07T22:00Z,2025-12-12T22:00Z,histdata,0.0,0.0,False,False,False,-5.0,7184,0.0,0.0,0,0,0
15m@v1,2025-12-14T22:00Z,2025-12-19T22:00Z,histdata,0.0,0.0,False,False,False,-5.0,7176,0.016666666666666666,0.0,0,0,0
15m@v1,2025-12-21T22:00Z,2025-12-26T22:00Z,histdata,0.0,0.0,False,False,False,-5.0,6131,0.0,0.0,0,0,0
15m@v1,2025-12-28T22:00Z,2026-01-02T22:00Z,histdata,0.0,0.0,False,False,False,-5.0,5735,0.06666666666666667,0.0,0,0,0
15m@v1,2026-01-04T22:00Z,2026-01-09T22:00Z,histdata,0.0,0.0,False,False,False,-5.0,7171,0.0,0.0,0,0,0
15m@v1,2026-01-11T22:00Z,2026-01-16T22:00Z,histdata,0.0,0.0,False,False,False,-5.0,7178,0.0,0.0,0,0,0
15m@v1,2026-01-18T22:00Z,2026-01-23T22:00Z,histdata,0.0,0.0,False,False,False,-5.0,7165,0.0,0.0,0,0,0
15m@v1,2026-01-25T22:00Z,2026-01-30T22:00Z,histdata,0.0,0.0,False,False,False,-5.0,7183,0.0,-0.016666666666666666,0,0,0
15m@v1,2026-02-01T22:00Z,2026-02-06T22:00Z,histdata,0.0,0.0,False,False,False,-5.0,7190,0.0,0.0,0,0,0
15m@v1,2026-02-08T22:00Z,2026-02-13T22:00Z,histdata,0.0,0.0,False,False,False,-5.0,7187,0.0,0.0,0,0,0
15m@v1,2026-02-15T22:00Z,2026-02-20T22:00Z,histdata,0.0,0.0,False,False,False,-5.0,7170,0.06666666666666667,0.0,0,0,0
15m@v1,2026-02-22T22:00Z,2026-02-27T22:00Z,histdata,0.0,0.0,False,False,False,-5.0,7184,0.06666666666666667,-0.016666666666666666,0,0,0
15m@v1,2026-03-01T22:00Z,2026-03-06T22:00Z,histdata,0.0,0.0,False,False,False,-5.0,7189,0.0,0.0,0,0,0
15m@v1,2026-03-08T21:00Z,2026-03-13T21:00Z,histdata,-1.0,-1.0,True,True,False,-5.0,7161,0.0,0.0,4,0,0
15m@v1,2026-03-15T21:00Z,2026-03-20T21:00Z,histdata,-1.0,-1.0,True,True,False,-5.0,7186,0.03333333333333333,0.0,4,0,0
15m@v1,2026-03-22T21:00Z,2026-03-27T21:00Z,histdata,-1.0,-1.0,True,True,False,-5.0,7167,0.05,0.0,4,0,0
15m@v1,2026-03-29T21:00Z,2026-04-03T21:00Z,histdata,0.0,0.0,False,True,True,-4.0,7070,0.016666666666666666,0.0,0,0,0
15m@v1,2026-04-05T21:00Z,2026-04-10T21:00Z,histdata,0.0,0.0,False,True,True,-4.0,7162,0.0,-0.016666666666666666,0,0,0
1h@v1,2016-01-03T22:00Z,2016-01-08T22:00Z,histdata,0.0,0.0,False,False,False,-5.0,7191,0.0,0.0,0,0,0
1h@v1,2016-01-10T22:00Z,2016-01-15T22:00Z,histdata,0.0,0.0,False,False,False,-5.0,7199,0.0,0.0,0,0,0
1h@v1,2016-01-17T22:00Z,2016-01-22T22:00Z,histdata,0.0,0.0,False,False,False,-5.0,7195,0.0,0.0,0,0,0
1h@v1,2016-01-24T22:00Z,2016-01-29T22:00Z,histdata,0.0,0.0,False,False,False,-5.0,7191,0.0,0.0,0,0,0
1h@v1,2016-01-31T22:00Z,2016-02-05T22:00Z,histdata,0.0,0.0,False,False,False,-5.0,7198,0.0,0.0,0,0,0
1h@v1,2016-02-07T22:00Z,2016-02-12T22:00Z,histdata,0.0,0.0,False,False,False,-5.0,7198,0.0,0.0,0,0,0
1h@v1,2016-02-14T22:00Z,2016-02-19T22:00Z,histdata,0.0,0.0,False,False,False,-5.0,7198,0.0,0.0,0,0,0
1h@v1,2016-02-21T22:00Z,2016-02-26T22:00Z,histdata,0.0,0.0,False,False,False,-5.0,7199,0.0,0.0,0,0,0
1h@v1,2016-02-28T22:00Z,2016-03-04T22:00Z,histdata,0.0,0.0,False,False,False,-5.0,7197,0.0,0.0,0,0,0
1h@v1,2016-03-06T22:00Z,2016-03-11T22:00Z,histdata,0.0,0.0,False,False,False,-5.0,7200,0.0,0.0,0,0,0
1h@v1,2016-03-13T21:00Z,2016-03-18T21:00Z,histdata,0.0,0.0,False,True,False,-4.0,7181,0.0,0.0,0,0,0
1h@v1,2016-03-20T21:00Z,2016-03-25T21:00Z,histdata,0.0,0.0,False,True,False,-4.0,7128,0.0,0.0,0,0,0
1h@v1,2016-03-27T21:00Z,2016-04-01T21:00Z,histdata,0.0,0.0,False,True,True,-4.0,7163,0.0,0.0,0,0,0
1h@v1,2016-04-03T21:00Z,2016-04-08T21:00Z,histdata,0.0,0.0,False,True,True,-4.0,7191,0.0,0.0,0,0,0
1h@v1,2016-04-10T21:00Z,2016-04-15T21:00Z,histdata,0.0,0.0,False,True,True,-4.0,7187,0.0,0.0,0,0,0
1h@v1,2016-04-17T21:00Z,2016-04-22T21:00Z,histdata,0.0,0.0,False,True,True,-4.0,7183,0.0,0.0,0,0,0
1h@v1,2016-04-24T21:00Z,2016-04-29T21:00Z,histdata,0.0,0.0,False,True,True,-4.0,7186,0.0,0.0,0,0,0
1h@v1,2016-05-01T21:00Z,2016-05-06T21:00Z,histdata,0.0,0.0,False,True,True,-4.0,7191,0.0,0.0,0,0,0
1h@v1,2016-05-08T21:00Z,2016-05-13T21:00Z,histdata,0.0,0.0,False,True,True,-4.0,7184,0.0,0.0,0,0,0
1h@v1,2016-05-15T21:00Z,2016-05-20T21:00Z,histdata,0.0,0.0,False,True,True,-4.0,7174,0.0,0.0,0,0,0
1h@v1,2016-05-22T21:00Z,2016-05-27T21:00Z,histdata,0.0,0.0,False,True,True,-4.0,7170,0.0,0.0,0,0,0
1h@v1,2016-05-29T21:00Z,2016-06-03T21:00Z,histdata,0.0,0.0,False,True,True,-4.0,7178,0.0,0.0,0,0,0
1h@v1,2016-06-05T21:00Z,2016-06-10T21:00Z,histdata,0.0,0.0,False,True,True,-4.0,7185,0.0,0.0,0,0,0
1h@v1,2016-06-12T21:00Z,2016-06-17T21:00Z,histdata,0.0,0.0,False,True,True,-4.0,7179,0.0,0.0,0,0,0
1h@v1,2016-06-19T21:00Z,2016-06-24T21:00Z,histdata,0.0,0.0,False,True,True,-4.0,7189,0.0,0.0,0,0,0
1h@v1,2016-06-26T21:00Z,2016-07-01T21:00Z,histdata,0.0,0.0,False,True,True,-4.0,7190,0.0,0.0,0,0,0
1h@v1,2016-07-03T21:00Z,2016-07-08T21:00Z,histdata,0.0,0.0,False,True,True,-4.0,7166,0.0,0.0,0,0,0
1h@v1,2016-07-10T21:00Z,2016-07-15T21:00Z,histdata,0.0,0.0,False,True,True,-4.0,7170,0.0,0.0,0,0,0
1h@v1,2016-07-17T21:00Z,2016-07-22T21:00Z,histdata,0.0,0.0,False,True,True,-4.0,7178,0.0,-0.016666666666666666,0,0,0
1h@v1,2016-07-24T21:00Z,2016-07-29T21:00Z,histdata,0.0,0.0,False,True,True,-4.0,7181,0.0,0.0,0,0,0
1h@v1,2016-07-31T21:00Z,2016-08-05T21:00Z,histdata,0.0,0.0,False,True,True,-4.0,7170,0.0,0.0,0,0,0
1h@v1,2016-08-07T21:00Z,2016-08-12T21:00Z,histdata,0.0,0.0,False,True,True,-4.0,7169,0.0,0.0,0,0,0
1h@v1,2016-08-14T21:00Z,2016-08-19T21:00Z,histdata,0.0,0.0,False,True,True,-4.0,7169,0.0,0.0,0,0,0
1h@v1,2016-08-21T21:00Z,2016-08-26T21:00Z,histdata,0.0,0.0,False,True,True,-4.0,7159,0.0,0.0,0,0,0
1h@v1,2016-08-28T21:00Z,2016-09-02T21:00Z,histdata,0.0,0.0,False,True,True,-4.0,7177,0.0,0.0,0,0,0
1h@v1,2016-09-04T21:00Z,2016-09-09T21:00Z,histdata,0.0,0.0,False,True,True,-4.0,7155,0.0,0.0,0,0,0
1h@v1,2016-09-11T21:00Z,2016-09-16T21:00Z,histdata,0.0,0.0,False,True,True,-4.0,7185,0.0,0.0,0,0,0
1h@v1,2016-09-18T21:00Z,2016-09-23T21:00Z,histdata,0.0,0.0,False,True,True,-4.0,7177,0.0,0.0,0,0,0
1h@v1,2016-09-25T21:00Z,2016-09-30T21:00Z,histdata,0.0,0.0,False,True,True,-4.0,7170,0.0,0.0,0,0,0
1h@v1,2016-10-02T21:00Z,2016-10-07T21:00Z,histdata,0.0,0.0,False,True,True,-4.0,7176,0.0,0.0,0,0,0
1h@v1,2016-10-09T21:00Z,2016-10-14T21:00Z,histdata,0.0,0.0,False,True,True,-4.0,7158,0.0,0.0,0,0,0
1h@v1,2016-10-16T21:00Z,2016-10-21T21:00Z,histdata,0.0,0.0,False,True,True,-4.0,7143,0.0,0.0,0,0,0
1h@v1,2016-10-23T21:00Z,2016-10-28T21:00Z,histdata,0.0,0.0,False,True,True,-4.0,7170,0.0,0.0,0,0,0
1h@v1,2016-10-30T21:00Z,2016-11-04T21:00Z,histdata,0.0,0.0,False,True,False,-4.0,7183,0.0,0.0,0,0,0
1h@v1,2016-11-06T22:00Z,2016-11-11T22:00Z,histdata,0.0,0.0,False,False,False,-5.0,7199,0.0,0.0,0,0,0
1h@v1,2016-11-13T22:00Z,2016-11-18T22:00Z,histdata,0.0,0.0,False,False,False,-5.0,7195,0.0,0.0,0,0,0
1h@v1,2016-11-20T22:00Z,2016-11-25T22:00Z,histdata,0.0,0.0,False,False,False,-5.0,7187,0.0,-0.016666666666666666,0,0,0
1h@v1,2016-11-27T22:00Z,2016-12-02T22:00Z,histdata,0.0,0.0,False,False,False,-5.0,7194,0.0,0.0,0,0,0
1h@v1,2016-12-04T22:00Z,2016-12-09T22:00Z,histdata,0.0,0.0,False,False,False,-5.0,7196,0.0,0.0,0,0,0
1h@v1,2016-12-11T22:00Z,2016-12-16T22:00Z,histdata,0.0,0.0,False,False,False,-5.0,7197,0.0,0.0,0,0,0
1h@v1,2016-12-18T22:00Z,2016-12-23T22:00Z,histdata,0.0,0.0,False,False,False,-5.0,7174,0.0,-0.016666666666666666,0,0,0
1h@v1,2016-12-25T22:00Z,2016-12-30T22:00Z,histdata,0.0,0.0,False,False,False,-5.0,6194,0.5,-0.03333333333333333,0,0,0
1h@v1,2017-01-01T22:00Z,2017-01-06T22:00Z,histdata,9.0,0.0,False,False,False,-5.0,6626,9.0,0.0,0,0,0
1h@v1,2017-01-08T22:00Z,2017-01-13T22:00Z,histdata,0.0,0.0,False,False,False,-5.0,7197,0.0,0.0,0,0,0
1h@v1,2017-01-15T22:00Z,2017-01-20T22:00Z,histdata,0.0,0.0,False,False,False,-5.0,7187,0.0,0.0,0,0,0
1h@v1,2017-01-22T22:00Z,2017-01-27T22:00Z,histdata,0.0,0.0,False,False,False,-5.0,7195,0.0,0.0,0,0,0
1h@v1,2017-01-29T22:00Z,2017-02-03T22:00Z,histdata,0.0,0.0,False,False,False,-5.0,7192,0.0,0.0,0,0,0
1h@v1,2017-02-05T22:00Z,2017-02-10T22:00Z,histdata,0.0,0.0,False,False,False,-5.0,7198,0.0,0.0,0,0,0
1h@v1,2017-02-12T22:00Z,2017-02-17T22:00Z,histdata,0.0,0.0,False,False,False,-5.0,7194,0.0,0.0,0,0,0
1h@v1,2017-02-19T22:00Z,2017-02-24T22:00Z,histdata,0.0,0.0,False,False,False,-5.0,7189,0.0,-0.016666666666666666,0,0,0
1h@v1,2017-02-26T22:00Z,2017-03-03T22:00Z,histdata,0.0,0.0,False,False,False,-5.0,7198,0.0,0.0,0,0,0
1h@v1,2017-03-05T22:00Z,2017-03-10T22:00Z,histdata,0.0,0.0,False,False,False,-5.0,7191,0.0,0.0,0,0,0
1h@v1,2017-03-12T21:00Z,2017-03-17T21:00Z,histdata,0.0,0.0,False,True,False,-4.0,7176,0.0,0.0,0,0,0
1h@v1,2017-03-19T21:00Z,2017-03-24T21:00Z,histdata,0.0,0.0,False,True,False,-4.0,7182,0.0,0.0,0,0,0
1h@v1,2017-03-26T21:00Z,2017-03-31T21:00Z,histdata,0.0,0.0,False,True,True,-4.0,7177,0.0,0.0,0,0,0
1h@v1,2017-04-02T21:00Z,2017-04-07T21:00Z,histdata,0.0,0.0,False,True,True,-4.0,7161,0.0,0.0,0,0,0
1h@v1,2017-04-09T21:00Z,2017-04-14T21:00Z,histdata,0.0,0.0,False,True,True,-4.0,7166,0.0,0.0,0,0,0
1h@v1,2017-04-16T21:00Z,2017-04-21T21:00Z,histdata,0.0,0.0,False,True,True,-4.0,7184,0.0,0.0,0,0,0
1h@v1,2017-04-23T21:00Z,2017-04-28T21:00Z,histdata,0.0,0.0,False,True,True,-4.0,7191,0.0,0.0,0,0,0
1h@v1,2017-04-30T21:00Z,2017-05-05T21:00Z,histdata,0.0,0.0,False,True,True,-4.0,7161,0.0,0.0,0,0,0
1h@v1,2017-05-07T21:00Z,2017-05-12T21:00Z,histdata,0.0,0.0,False,True,True,-4.0,7190,0.0,0.0,0,0,0
1h@v1,2017-05-14T21:00Z,2017-05-19T21:00Z,histdata,0.0,0.0,False,True,True,-4.0,7195,0.0,0.0,0,0,0
1h@v1,2017-05-21T21:00Z,2017-05-26T21:00Z,histdata,0.0,0.0,False,True,True,-4.0,7192,0.0,0.0,0,0,0
1h@v1,2017-05-28T21:00Z,2017-06-02T21:00Z,histdata,0.0,0.0,False,True,True,-4.0,7177,0.0,0.0,0,0,0
1h@v1,2017-06-04T21:00Z,2017-06-09T21:00Z,histdata,0.0,0.0,False,True,True,-4.0,7186,0.0,0.0,0,0,0
1h@v1,2017-06-11T21:00Z,2017-06-16T21:00Z,histdata,0.0,0.0,False,True,True,-4.0,7178,0.0,0.0,0,0,0
1h@v1,2017-06-18T21:00Z,2017-06-23T21:00Z,histdata,0.0,0.0,False,True,True,-4.0,7176,0.0,0.0,0,0,0
1h@v1,2017-06-25T21:00Z,2017-06-30T21:00Z,histdata,0.0,0.0,False,True,True,-4.0,7175,0.0,0.0,0,0,0
1h@v1,2017-07-02T21:00Z,2017-07-07T21:00Z,histdata,0.0,0.0,False,True,True,-4.0,7180,0.0,0.0,0,0,0
1h@v1,2017-07-09T21:00Z,2017-07-14T21:00Z,histdata,0.0,0.0,False,True,True,-4.0,7180,0.0,0.0,0,0,0
1h@v1,2017-07-16T21:00Z,2017-07-21T21:00Z,histdata,0.0,0.0,False,True,True,-4.0,7166,0.0,0.0,0,0,0
1h@v1,2017-07-23T21:00Z,2017-07-28T21:00Z,histdata,0.0,0.0,False,True,True,-4.0,7182,0.0,0.0,0,0,0
1h@v1,2017-07-30T21:00Z,2017-08-04T21:00Z,histdata,0.0,0.0,False,True,True,-4.0,7179,0.0,0.0,0,0,0
1h@v1,2017-08-06T21:00Z,2017-08-11T21:00Z,histdata,0.0,0.0,False,True,True,-4.0,7162,0.0,0.0,0,0,0
1h@v1,2017-08-13T21:00Z,2017-08-18T21:00Z,histdata,0.0,0.0,False,True,True,-4.0,7186,0.0,0.0,0,0,0
1h@v1,2017-08-20T21:00Z,2017-08-25T21:00Z,histdata,0.0,0.0,False,True,True,-4.0,7168,0.0,0.0,0,0,0
1h@v1,2017-08-27T21:00Z,2017-09-01T21:00Z,histdata,0.0,0.0,False,True,True,-4.0,7181,0.0,0.0,0,0,0
1h@v1,2017-09-03T21:00Z,2017-09-08T21:00Z,histdata,0.0,0.0,False,True,True,-4.0,7169,0.0,0.0,0,0,0
1h@v1,2017-09-10T21:00Z,2017-09-15T21:00Z,histdata,0.0,0.0,False,True,True,-4.0,7189,0.0,0.0,0,0,0
1h@v1,2017-09-17T21:00Z,2017-09-22T21:00Z,histdata,0.0,0.0,False,True,True,-4.0,7166,0.0,0.0,0,0,0
1h@v1,2017-09-24T21:00Z,2017-09-29T21:00Z,histdata,0.0,0.0,False,True,True,-4.0,7188,0.0,0.0,0,0,0
1h@v1,2017-10-01T21:00Z,2017-10-06T21:00Z,histdata,0.0,0.0,False,True,True,-4.0,7147,0.0,0.0,0,0,0
1h@v1,2017-10-08T21:00Z,2017-10-13T21:00Z,histdata,0.0,0.0,False,True,True,-4.0,7150,0.0,0.0,0,0,0
1h@v1,2017-10-15T21:00Z,2017-10-20T21:00Z,histdata,0.0,0.0,False,True,True,-4.0,7144,0.0,0.0,0,0,0
1h@v1,2017-10-22T21:00Z,2017-10-27T21:00Z,histdata,0.0,0.0,False,True,True,-4.0,7188,0.0,0.0,0,0,0
1h@v1,2017-10-29T21:00Z,2017-11-03T21:00Z,histdata,0.0,0.0,False,True,False,-4.0,7165,0.0,0.0,0,0,0
1h@v1,2017-11-05T22:00Z,2017-11-10T22:00Z,histdata,0.0,0.0,False,False,False,-5.0,7194,0.0,0.0,0,0,0
1h@v1,2017-11-12T22:00Z,2017-11-17T22:00Z,histdata,0.0,0.0,False,False,False,-5.0,7189,0.0,0.0,0,0,0
1h@v1,2017-11-19T22:00Z,2017-11-24T22:00Z,histdata,0.0,0.0,False,False,False,-5.0,7155,0.0,0.0,0,0,0
1h@v1,2017-11-26T22:00Z,2017-12-01T22:00Z,histdata,0.0,0.0,False,False,False,-5.0,7193,0.0,0.0,0,0,0
1h@v1,2017-12-03T22:00Z,2017-12-08T22:00Z,histdata,0.0,0.0,False,False,False,-5.0,7192,0.0,0.0,0,0,0
1h@v1,2017-12-10T22:00Z,2017-12-15T22:00Z,histdata,0.0,0.0,False,False,False,-5.0,7177,0.0,0.0,0,0,0
1h@v1,2017-12-17T22:00Z,2017-12-22T22:00Z,histdata,0.0,0.0,False,False,False,-5.0,7175,0.0,0.0,0,0,0
1h@v1,2017-12-24T22:00Z,2017-12-29T22:00Z,histdata,24.0,0.0,False,False,False,-5.0,5699,24.0,-0.016666666666666666,0,0,0
1h@v1,2017-12-31T22:00Z,2018-01-05T22:00Z,histdata,24.0,0.0,False,False,False,-5.0,5732,24.0,0.0,0,0,0
1h@v1,2018-01-07T22:00Z,2018-01-12T22:00Z,histdata,0.0,0.0,False,False,False,-5.0,7173,0.0,0.0,0,0,0
1h@v1,2018-01-14T22:00Z,2018-01-19T22:00Z,histdata,0.0,0.0,False,False,False,-5.0,7185,0.0,0.0,0,0,0
1h@v1,2018-01-21T22:00Z,2018-01-26T22:00Z,histdata,0.0,0.0,False,False,False,-5.0,7197,0.0,0.0,0,0,0
1h@v1,2018-01-28T22:00Z,2018-02-02T22:00Z,histdata,0.0,0.0,False,False,False,-5.0,7194,0.0,0.0,0,0,0
1h@v1,2018-02-04T22:00Z,2018-02-09T22:00Z,histdata,0.0,0.0,False,False,False,-5.0,7196,0.0,0.0,0,0,0
1h@v1,2018-02-11T22:00Z,2018-02-16T22:00Z,histdata,0.0,0.0,False,False,False,-5.0,7179,0.0,0.0,0,0,0
1h@v1,2018-02-18T22:00Z,2018-02-23T22:00Z,histdata,0.0,0.0,False,False,False,-5.0,7170,0.0,0.0,0,0,0
1h@v1,2018-02-25T22:00Z,2018-03-02T22:00Z,histdata,0.0,0.0,False,False,False,-5.0,7192,0.0,0.0,0,0,0
1h@v1,2018-03-04T22:00Z,2018-03-09T22:00Z,histdata,0.0,0.0,False,False,False,-5.0,7196,0.0,0.0,0,0,0
1h@v1,2018-03-11T21:00Z,2018-03-16T21:00Z,histdata,0.0,0.0,False,True,False,-4.0,7156,0.0,0.0,0,0,0
1h@v1,2018-03-18T21:00Z,2018-03-23T21:00Z,histdata,0.0,0.0,False,True,False,-4.0,7157,0.0,0.0,0,0,0
1h@v1,2018-03-25T21:00Z,2018-03-30T21:00Z,histdata,0.0,0.0,False,True,True,-4.0,7148,0.0,0.0,0,0,0
1h@v1,2018-04-01T21:00Z,2018-04-06T21:00Z,histdata,0.0,0.0,False,True,True,-4.0,7150,0.0,0.0,0,0,0
1h@v1,2018-04-08T21:00Z,2018-04-13T21:00Z,histdata,0.0,0.0,False,True,True,-4.0,7162,0.0,0.0,0,0,0
1h@v1,2018-04-15T21:00Z,2018-04-20T21:00Z,histdata,0.0,0.0,False,True,True,-4.0,7161,0.0,0.0,0,0,0
1h@v1,2018-04-22T21:00Z,2018-04-27T21:00Z,histdata,0.0,0.0,False,True,True,-4.0,7147,0.0,0.0,0,0,0
1h@v1,2018-04-29T21:00Z,2018-05-04T21:00Z,histdata,0.0,0.0,False,True,True,-4.0,7122,0.0,0.0,0,0,0
1h@v1,2018-05-06T21:00Z,2018-05-11T21:00Z,histdata,0.0,0.0,False,True,True,-4.0,7133,0.0,0.0,0,0,0
1h@v1,2018-05-13T21:00Z,2018-05-18T21:00Z,histdata,0.0,0.0,False,True,True,-4.0,7142,0.0,0.0,0,0,0
1h@v1,2018-05-20T21:00Z,2018-05-25T21:00Z,histdata,0.0,0.0,False,True,True,-4.0,7173,0.0,0.0,0,0,0
1h@v1,2018-05-27T21:00Z,2018-06-01T21:00Z,histdata,0.0,0.0,False,True,True,-4.0,7173,0.0,0.0,0,0,0
1h@v1,2018-06-03T21:00Z,2018-06-08T21:00Z,histdata,0.0,0.0,False,True,True,-4.0,7146,0.0,0.0,0,0,0
1h@v1,2018-06-10T21:00Z,2018-06-15T21:00Z,histdata,0.0,0.0,False,True,True,-4.0,7173,0.0,0.0,0,0,0
1h@v1,2018-06-17T21:00Z,2018-06-22T21:00Z,histdata,0.0,0.0,False,True,True,-4.0,7178,0.0,0.0,0,0,0
1h@v1,2018-06-24T21:00Z,2018-06-29T21:00Z,histdata,0.0,0.0,False,True,True,-4.0,7187,0.0,0.0,0,0,0
1h@v1,2018-07-01T21:00Z,2018-07-06T21:00Z,histdata,0.0,0.0,False,True,True,-4.0,7156,0.0,0.0,0,0,0
1h@v1,2018-07-08T21:00Z,2018-07-13T21:00Z,histdata,0.0,0.0,False,True,True,-4.0,7184,0.0,0.0,0,0,0
1h@v1,2018-07-15T21:00Z,2018-07-20T21:00Z,histdata,0.0,0.0,False,True,True,-4.0,7181,0.0,0.0,0,0,0
1h@v1,2018-07-22T21:00Z,2018-07-27T21:00Z,histdata,0.0,0.0,False,True,True,-4.0,7167,0.0,0.0,0,0,0
1h@v1,2018-07-29T21:00Z,2018-08-03T21:00Z,histdata,0.0,0.0,False,True,True,-4.0,7162,0.0,0.0,0,0,0
1h@v1,2018-08-05T21:00Z,2018-08-10T21:00Z,histdata,0.0,0.0,False,True,True,-4.0,7152,0.0,0.0,0,0,0
1h@v1,2018-08-12T21:00Z,2018-08-17T21:00Z,histdata,0.0,0.0,False,True,True,-4.0,7174,0.0,0.0,0,0,0
1h@v1,2018-08-19T21:00Z,2018-08-24T21:00Z,histdata,0.0,0.0,False,True,True,-4.0,7154,0.0,0.0,0,0,0
1h@v1,2018-08-26T21:00Z,2018-08-31T21:00Z,histdata,0.0,0.0,False,True,True,-4.0,7154,0.0,0.0,0,0,0
1h@v1,2018-09-02T21:00Z,2018-09-07T21:00Z,histdata,0.0,0.0,False,True,True,-4.0,7121,0.0,0.0,0,0,0
1h@v1,2018-09-09T21:00Z,2018-09-14T21:00Z,histdata,0.0,0.0,False,True,True,-4.0,7142,0.0,0.0,0,0,0
1h@v1,2018-09-16T21:00Z,2018-09-21T21:00Z,histdata,0.0,0.0,False,True,True,-4.0,7147,0.0,0.0,0,0,0
1h@v1,2018-09-23T21:00Z,2018-09-28T21:00Z,histdata,0.0,0.0,False,True,True,-4.0,7140,0.0,0.0,0,0,0
1h@v1,2018-09-30T21:00Z,2018-10-05T21:00Z,histdata,0.0,0.0,False,True,True,-4.0,7146,0.0,0.0,0,0,0
1h@v1,2018-10-07T21:00Z,2018-10-12T21:00Z,histdata,0.0,0.0,False,True,True,-4.0,7159,0.0,0.0,0,0,0
1h@v1,2018-10-14T21:00Z,2018-10-19T21:00Z,histdata,0.0,0.0,False,True,True,-4.0,7167,0.0,0.0,0,0,0
1h@v1,2018-10-21T21:00Z,2018-10-26T21:00Z,histdata,0.0,0.0,False,True,True,-4.0,7158,0.0,0.0,0,0,0
1h@v1,2018-10-28T21:00Z,2018-11-02T21:00Z,histdata,0.0,0.0,False,True,False,-4.0,7165,0.0,0.0,0,0,0
1h@v1,2018-11-04T22:00Z,2018-11-09T22:00Z,histdata,0.0,0.0,False,False,False,-5.0,7185,0.0,0.0,0,0,0
1h@v1,2018-11-11T22:00Z,2018-11-16T22:00Z,histdata,0.0,0.0,False,False,False,-5.0,7187,0.0,0.0,0,0,0
1h@v1,2018-11-18T22:00Z,2018-11-23T22:00Z,histdata,0.0,0.0,False,False,False,-5.0,7164,0.0,0.0,0,0,0
1h@v1,2018-11-25T22:00Z,2018-11-30T22:00Z,histdata,0.0,0.0,False,False,False,-5.0,7170,0.0,0.0,0,0,0
1h@v1,2018-12-02T22:00Z,2018-12-07T22:00Z,histdata,0.0,0.0,False,False,False,-5.0,7183,0.0,0.0,0,0,0
1h@v1,2018-12-09T22:00Z,2018-12-14T22:00Z,histdata,0.0,0.0,False,False,False,-5.0,7184,0.0,0.0,0,0,0
1h@v1,2018-12-16T22:00Z,2018-12-21T22:00Z,histdata,0.0,0.0,False,False,False,-5.0,7196,0.0,0.0,0,0,0
1h@v1,2018-12-23T22:00Z,2018-12-28T22:00Z,histdata,0.0,0.0,False,False,False,-5.0,6345,0.0,0.0,0,0,0
1h@v1,2018-12-30T22:00Z,2019-01-04T22:00Z,histdata,0.0,0.0,False,False,False,-5.0,5752,0.0,0.0,0,0,0
1h@v1,2019-01-06T22:00Z,2019-01-11T22:00Z,histdata,0.0,0.0,False,False,False,-5.0,7191,0.0,0.0,0,0,0
1h@v1,2019-01-13T22:00Z,2019-01-18T22:00Z,histdata,0.0,0.0,False,False,False,-5.0,7195,0.0,0.0,0,0,0
1h@v1,2019-01-20T22:00Z,2019-01-25T22:00Z,histdata,0.0,0.0,False,False,False,-5.0,7191,0.0,0.0,0,0,0
1h@v1,2019-01-27T22:00Z,2019-02-01T22:00Z,histdata,0.0,0.0,False,False,False,-5.0,7197,0.0,0.0,0,0,0
1h@v1,2019-02-03T22:00Z,2019-02-08T22:00Z,histdata,0.0,0.0,False,False,False,-5.0,7194,0.0,0.0,0,0,0
1h@v1,2019-02-10T22:00Z,2019-02-15T22:00Z,histdata,0.0,0.0,False,False,False,-5.0,7190,0.0,0.0,0,0,0
1h@v1,2019-02-17T22:00Z,2019-02-22T22:00Z,histdata,0.0,0.0,False,False,False,-5.0,7183,0.0,0.0,0,0,0
1h@v1,2019-02-24T22:00Z,2019-03-01T22:00Z,histdata,0.0,0.0,False,False,False,-5.0,7184,0.0,0.0,0,0,0
1h@v1,2019-03-03T22:00Z,2019-03-08T22:00Z,histdata,0.0,0.0,False,False,False,-5.0,7192,0.0,0.0,0,0,0
1h@v1,2019-03-10T21:00Z,2019-03-15T21:00Z,histdata,0.0,-1.0,True,True,False,-5.0,7128,1.0,0.0,1,0,0
1h@v1,2019-03-17T21:00Z,2019-03-22T21:00Z,histdata,-1.0,-1.0,True,True,False,-5.0,7189,0.0,0.0,1,0,0
1h@v1,2019-03-24T21:00Z,2019-03-29T21:00Z,histdata,-1.0,-1.0,True,True,False,-5.0,7196,0.0,0.0,1,0,0
1h@v1,2019-03-31T21:00Z,2019-04-05T21:00Z,histdata,0.0,0.0,False,True,True,-4.0,7126,0.0,0.0,0,0,0
1h@v1,2019-04-07T21:00Z,2019-04-12T21:00Z,histdata,0.0,0.0,False,True,True,-4.0,7176,0.05,0.0,0,0,0
1h@v1,2019-04-14T21:00Z,2019-04-19T21:00Z,histdata,0.0,0.0,False,True,True,-4.0,7176,0.0,0.0,0,0,0
1h@v1,2019-04-21T21:00Z,2019-04-26T21:00Z,histdata,0.0,0.0,False,True,True,-4.0,7186,0.0,0.0,0,0,0
1h@v1,2019-04-28T21:00Z,2019-05-03T21:00Z,histdata,0.0,0.0,False,True,True,-4.0,7164,0.0,0.0,0,0,0
1h@v1,2019-05-05T21:00Z,2019-05-10T21:00Z,histdata,0.0,0.0,False,True,True,-4.0,7195,0.0,0.0,0,0,0
1h@v1,2019-05-12T21:00Z,2019-05-17T21:00Z,histdata,0.0,0.0,False,True,True,-4.0,7195,0.0,0.0,0,0,0
1h@v1,2019-05-19T21:00Z,2019-05-24T21:00Z,histdata,0.0,0.0,False,True,True,-4.0,7189,0.0,0.0,0,0,0
1h@v1,2019-05-26T21:00Z,2019-05-31T21:00Z,histdata,2.0,0.0,False,True,True,-4.0,7014,2.9833333333333334,0.0,0,0,0
1h@v1,2019-06-02T21:00Z,2019-06-07T21:00Z,histdata,0.0,0.0,False,True,True,-4.0,7192,0.0,0.0,0,0,0
1h@v1,2019-06-09T21:00Z,2019-06-14T21:00Z,histdata,0.0,0.0,False,True,True,-4.0,7192,0.0,0.0,0,0,0
1h@v1,2019-06-16T21:00Z,2019-06-21T21:00Z,histdata,0.0,0.0,False,True,True,-4.0,7195,0.0,0.0,0,0,0
1h@v1,2019-06-23T21:00Z,2019-06-28T21:00Z,histdata,0.0,0.0,False,True,True,-4.0,7195,0.0,0.0,0,0,0
1h@v1,2019-06-30T21:00Z,2019-07-05T21:00Z,histdata,0.0,0.0,False,True,True,-4.0,7181,0.0,0.0,0,0,0
1h@v1,2019-07-07T21:00Z,2019-07-12T21:00Z,histdata,0.0,0.0,False,True,True,-4.0,7191,0.0,0.0,0,0,0
1h@v1,2019-07-14T21:00Z,2019-07-19T21:00Z,histdata,0.0,0.0,False,True,True,-4.0,7191,0.0,0.0,0,0,0
1h@v1,2019-07-21T21:00Z,2019-07-26T21:00Z,histdata,0.0,0.0,False,True,True,-4.0,7196,0.0,0.0,0,0,0
1h@v1,2019-07-28T21:00Z,2019-08-02T21:00Z,histdata,0.0,0.0,False,True,True,-4.0,7192,0.0,0.0,0,0,0
1h@v1,2019-08-04T21:00Z,2019-08-09T21:00Z,histdata,0.0,0.0,False,True,True,-4.0,7195,0.0,0.0,0,0,0
1h@v1,2019-08-11T21:00Z,2019-08-16T21:00Z,histdata,0.0,0.0,False,True,True,-4.0,7199,0.0,0.0,0,0,0
1h@v1,2019-08-18T21:00Z,2019-08-23T21:00Z,histdata,0.0,0.0,False,True,True,-4.0,7194,0.0,0.0,0,0,0
1h@v1,2019-08-25T21:00Z,2019-08-30T21:00Z,histdata,0.0,0.0,False,True,True,-4.0,7198,0.0,0.0,0,0,0
1h@v1,2019-09-01T21:00Z,2019-09-06T21:00Z,histdata,0.0,0.0,False,True,True,-4.0,7195,0.0,0.0,0,0,0
1h@v1,2019-09-08T21:00Z,2019-09-13T21:00Z,histdata,0.0,0.0,False,True,True,-4.0,7174,0.0,0.0,0,0,0
1h@v1,2019-09-15T21:00Z,2019-09-20T21:00Z,histdata,0.0,0.0,False,True,True,-4.0,7199,0.0,0.0,0,0,0
1h@v1,2019-09-22T21:00Z,2019-09-27T21:00Z,histdata,0.0,0.0,False,True,True,-4.0,7194,0.0,0.0,0,0,0
1h@v1,2019-09-29T21:00Z,2019-10-04T21:00Z,histdata,0.0,0.0,False,True,True,-4.0,7190,0.0,0.0,0,0,0
1h@v1,2019-10-06T21:00Z,2019-10-11T21:00Z,histdata,0.0,0.0,False,True,True,-4.0,7197,0.0,0.0,0,0,0
1h@v1,2019-10-13T21:00Z,2019-10-18T21:00Z,histdata,0.0,0.0,False,True,True,-4.0,7188,0.0,0.0,0,0,0
1h@v1,2019-10-20T21:00Z,2019-10-25T21:00Z,histdata,0.0,0.0,False,True,True,-4.0,7193,0.0,0.0,0,0,0
1h@v1,2019-10-27T21:00Z,2019-11-01T21:00Z,histdata,-1.0,-1.0,True,True,False,-5.0,7253,0.0,0.0,1,0,0
1h@v1,2019-11-03T22:00Z,2019-11-08T22:00Z,histdata,0.0,0.0,False,False,False,-5.0,7192,0.0,0.0,0,0,0
1h@v1,2019-11-10T22:00Z,2019-11-15T22:00Z,histdata,0.0,0.0,False,False,False,-5.0,7193,0.0,0.0,0,0,0
1h@v1,2019-11-17T22:00Z,2019-11-22T22:00Z,histdata,0.0,0.0,False,False,False,-5.0,7192,0.0,0.0,0,0,0
1h@v1,2019-11-24T22:00Z,2019-11-29T22:00Z,histdata,0.0,0.0,False,False,False,-5.0,7180,0.0,0.0,0,0,0
1h@v1,2019-12-01T22:00Z,2019-12-06T22:00Z,histdata,0.0,0.0,False,False,False,-5.0,7187,0.0,0.0,0,0,0
1h@v1,2019-12-08T22:00Z,2019-12-13T22:00Z,histdata,0.0,0.0,False,False,False,-5.0,7175,0.0,0.0,0,0,0
1h@v1,2019-12-15T22:00Z,2019-12-20T22:00Z,histdata,0.0,0.0,False,False,False,-5.0,7170,0.0,0.0,0,0,0
1h@v1,2019-12-22T22:00Z,2019-12-27T22:00Z,histdata,0.0,0.0,False,False,False,-5.0,6231,0.0,0.0,0,0,0
1h@v1,2019-12-29T22:00Z,2020-01-03T22:00Z,histdata,0.0,0.0,False,False,False,-5.0,5676,0.0,0.0,0,0,0
1h@v1,2020-01-05T22:00Z,2020-01-10T22:00Z,histdata,0.0,0.0,False,False,False,-5.0,7190,0.0,0.0,0,0,0
1h@v1,2020-01-12T22:00Z,2020-01-17T22:00Z,histdata,0.0,0.0,False,False,False,-5.0,7154,0.0,0.0,0,0,0
1h@v1,2020-01-19T22:00Z,2020-01-24T22:00Z,histdata,0.0,0.0,False,False,False,-5.0,7163,0.0,0.0,0,0,0
1h@v1,2020-01-26T22:00Z,2020-01-31T22:00Z,histdata,0.0,0.0,False,False,False,-5.0,7196,0.0,0.0,0,0,0
1h@v1,2020-02-02T22:00Z,2020-02-07T22:00Z,histdata,0.0,0.0,False,False,False,-5.0,7186,0.0,0.0,0,0,0
1h@v1,2020-02-09T22:00Z,2020-02-14T22:00Z,histdata,0.0,0.0,False,False,False,-5.0,7169,0.0,0.0,0,0,0
1h@v1,2020-02-16T22:00Z,2020-02-21T22:00Z,histdata,0.0,0.0,False,False,False,-5.0,7163,0.0,0.0,0,0,0
1h@v1,2020-02-23T22:00Z,2020-02-28T22:00Z,histdata,0.0,0.0,False,False,False,-5.0,7199,0.0,0.0,0,0,0
1h@v1,2020-03-01T22:00Z,2020-03-06T22:00Z,histdata,0.0,0.0,False,False,False,-5.0,7194,0.0,0.0,0,0,0
1h@v1,2020-03-08T21:00Z,2020-03-13T21:00Z,histdata,-1.0,-1.0,True,True,False,-5.0,7200,0.0,0.0,1,0,0
1h@v1,2020-03-15T21:00Z,2020-03-20T21:00Z,histdata,-1.0,-1.0,True,True,False,-5.0,7192,0.0,0.0,1,0,0
1h@v1,2020-03-22T21:00Z,2020-03-27T21:00Z,histdata,-1.0,-1.0,True,True,False,-5.0,7187,0.05,0.0,1,0,0
1h@v1,2020-03-29T21:00Z,2020-04-03T21:00Z,histdata,0.0,0.0,False,True,True,-4.0,7133,0.0,0.0,0,0,0
1h@v1,2020-04-05T21:00Z,2020-04-10T21:00Z,histdata,0.0,0.0,False,True,True,-4.0,7190,0.0,-0.016666666666666666,0,0,0
1h@v1,2020-04-12T21:00Z,2020-04-17T21:00Z,histdata,0.0,0.0,False,True,True,-4.0,7174,0.0,0.0,0,0,0
1h@v1,2020-04-19T21:00Z,2020-04-24T21:00Z,histdata,0.0,0.0,False,True,True,-4.0,7173,0.1,0.0,0,0,0
1h@v1,2020-04-26T21:00Z,2020-05-01T21:00Z,histdata,0.0,0.0,False,True,True,-4.0,7171,0.0,0.0,0,0,0
1h@v1,2020-05-03T21:00Z,2020-05-08T21:00Z,histdata,0.0,0.0,False,True,True,-4.0,7170,0.08333333333333333,0.0,0,0,0
1h@v1,2020-05-10T21:00Z,2020-05-15T21:00Z,histdata,0.0,0.0,False,True,True,-4.0,7185,0.0,0.0,0,0,0
1h@v1,2020-05-17T21:00Z,2020-05-22T21:00Z,histdata,0.0,0.0,False,True,True,-4.0,7170,0.0,0.0,0,0,0
1h@v1,2020-05-24T21:00Z,2020-05-29T21:00Z,histdata,0.0,0.0,False,True,True,-4.0,7176,0.0,0.0,0,0,0
1h@v1,2020-05-31T21:00Z,2020-06-05T21:00Z,histdata,0.0,0.0,False,True,True,-4.0,7193,0.0,0.0,0,0,0
1h@v1,2020-06-07T21:00Z,2020-06-12T21:00Z,histdata,0.0,0.0,False,True,True,-4.0,7194,0.0,0.0,0,0,0
1h@v1,2020-06-14T21:00Z,2020-06-19T21:00Z,histdata,0.0,0.0,False,True,True,-4.0,7184,0.08333333333333333,0.0,0,0,0
1h@v1,2020-06-21T21:00Z,2020-06-26T21:00Z,histdata,0.0,0.0,False,True,True,-4.0,7188,0.0,0.0,0,0,0
1h@v1,2020-06-28T21:00Z,2020-07-03T21:00Z,histdata,0.0,0.0,False,True,True,-4.0,7153,0.0,0.0,0,0,0
1h@v1,2020-07-05T21:00Z,2020-07-10T21:00Z,histdata,0.0,0.0,False,True,True,-4.0,7166,0.0,0.0,0,0,0
1h@v1,2020-07-12T21:00Z,2020-07-17T21:00Z,histdata,0.0,0.0,False,True,True,-4.0,7170,0.0,0.0,0,0,0
1h@v1,2020-07-19T21:00Z,2020-07-24T21:00Z,histdata,0.0,0.0,False,True,True,-4.0,7158,0.16666666666666666,0.0,0,0,0
1h@v1,2020-07-26T21:00Z,2020-07-31T21:00Z,histdata,0.0,0.0,False,True,True,-4.0,7181,0.0,0.0,0,0,0
1h@v1,2020-08-02T21:00Z,2020-08-07T21:00Z,histdata,0.0,0.0,False,True,True,-4.0,7158,0.0,0.0,0,0,0
1h@v1,2020-08-09T21:00Z,2020-08-14T21:00Z,histdata,0.0,0.0,False,True,True,-4.0,7180,0.0,0.0,0,0,0
1h@v1,2020-08-16T21:00Z,2020-08-21T21:00Z,histdata,0.0,0.0,False,True,True,-4.0,7173,0.08333333333333333,0.0,0,0,0
1h@v1,2020-08-23T21:00Z,2020-08-28T21:00Z,histdata,0.0,0.0,False,True,True,-4.0,7176,0.0,0.0,0,0,0
1h@v1,2020-08-30T21:00Z,2020-09-04T21:00Z,histdata,0.0,0.0,False,True,True,-4.0,7163,0.0,0.0,0,0,0
1h@v1,2020-09-06T21:00Z,2020-09-11T21:00Z,histdata,0.0,0.0,False,True,True,-4.0,7169,0.0,0.0,0,0,0
1h@v1,2020-09-13T21:00Z,2020-09-18T21:00Z,histdata,0.0,0.0,False,True,True,-4.0,7125,0.0,0.0,0,0,0
1h@v1,2020-09-20T21:00Z,2020-09-25T21:00Z,histdata,0.0,0.0,False,True,True,-4.0,7157,0.0,0.0,0,0,0
1h@v1,2020-09-27T21:00Z,2020-10-02T21:00Z,histdata,0.0,0.0,False,True,True,-4.0,7162,0.0,0.0,0,0,0
1h@v1,2020-10-04T21:00Z,2020-10-09T21:00Z,histdata,0.0,0.0,False,True,True,-4.0,7164,0.0,0.0,0,0,0
1h@v1,2020-10-11T21:00Z,2020-10-16T21:00Z,histdata,0.0,0.0,False,True,True,-4.0,7113,0.0,0.0,0,0,0
1h@v1,2020-10-18T21:00Z,2020-10-23T21:00Z,histdata,0.0,0.0,False,True,True,-4.0,7123,0.0,0.0,0,0,0
1h@v1,2020-10-25T21:00Z,2020-10-30T21:00Z,histdata,-1.0,-1.0,True,True,False,-5.0,7184,0.0,0.0,1,0,0
1h@v1,2020-11-01T22:00Z,2020-11-06T22:00Z,histdata,0.0,0.0,False,False,False,-5.0,7183,0.0,0.0,0,0,0
1h@v1,2020-11-08T22:00Z,2020-11-13T22:00Z,histdata,0.0,0.0,False,False,False,-5.0,7180,0.0,0.0,0,0,0
1h@v1,2020-11-15T22:00Z,2020-11-20T22:00Z,histdata,0.0,0.0,False,False,False,-5.0,7156,0.0,0.0,0,0,0
1h@v1,2020-11-22T22:00Z,2020-11-27T22:00Z,histdata,0.0,0.0,False,False,False,-5.0,7147,0.0,0.0,0,0,0
1h@v1,2020-11-29T22:00Z,2020-12-04T22:00Z,histdata,0.0,0.0,False,False,False,-5.0,6027,0.0,0.0,0,0,0
1h@v1,2020-12-06T22:00Z,2020-12-11T22:00Z,histdata,0.0,0.0,False,False,False,-5.0,7154,0.0,0.0,0,0,0
1h@v1,2020-12-13T22:00Z,2020-12-18T22:00Z,histdata,0.0,0.0,False,False,False,-5.0,7146,0.0,0.0,0,0,0
1h@v1,2020-12-20T22:00Z,2020-12-25T22:00Z,histdata,0.0,-14.0,False,False,False,-5.0,6270,0.0,-14.0,0,0,0
1h@v1,2020-12-27T22:00Z,2021-01-01T22:00Z,histdata,0.0,-24.0,False,False,False,-5.0,5695,0.0,-24.016666666666666,0,0,0
1h@v1,2021-01-03T22:00Z,2021-01-08T22:00Z,histdata,0.0,0.0,False,False,False,-5.0,7167,0.0,0.0,0,0,0
1h@v1,2021-01-10T22:00Z,2021-01-15T22:00Z,histdata,0.0,0.0,False,False,False,-5.0,7168,0.0,0.0,0,0,0
1h@v1,2021-01-17T22:00Z,2021-01-22T22:00Z,histdata,0.0,0.0,False,False,False,-5.0,7138,0.0,0.0,0,0,0
1h@v1,2021-01-24T22:00Z,2021-01-29T22:00Z,histdata,0.0,0.0,False,False,False,-5.0,7145,0.0,0.0,0,0,0
1h@v1,2021-01-31T22:00Z,2021-02-05T22:00Z,histdata,0.0,0.0,False,False,False,-5.0,7142,0.0,0.0,0,0,0
1h@v1,2021-02-07T22:00Z,2021-02-12T22:00Z,histdata,0.0,0.0,False,False,False,-5.0,7102,0.0,0.0,0,0,0
1h@v1,2021-02-14T22:00Z,2021-02-19T22:00Z,histdata,0.0,0.0,False,False,False,-5.0,7146,0.0,0.0,0,0,0
1h@v1,2021-02-21T22:00Z,2021-02-26T22:00Z,histdata,0.0,0.0,False,False,False,-5.0,7151,0.0,0.0,0,0,0
1h@v1,2021-02-28T22:00Z,2021-03-05T22:00Z,histdata,0.0,0.0,False,False,False,-5.0,7161,0.0,0.0,0,0,0
1h@v1,2021-03-07T22:00Z,2021-03-12T22:00Z,histdata,0.0,0.0,False,False,False,-5.0,7161,0.0,0.0,0,0,0
1h@v1,2021-03-14T21:00Z,2021-03-19T21:00Z,histdata,-1.0,-1.0,True,True,False,-5.0,7143,0.0,0.0,1,0,0
1h@v1,2021-03-21T21:00Z,2021-03-26T21:00Z,histdata,-1.0,-1.0,True,True,False,-5.0,7150,0.0,0.0,1,0,0
1h@v1,2021-03-28T21:00Z,2021-04-02T21:00Z,histdata,0.0,0.0,False,True,True,-4.0,7059,0.0,0.0,0,0,0
1h@v1,2021-04-04T21:00Z,2021-04-09T21:00Z,histdata,0.0,0.0,False,True,True,-4.0,7149,0.0,0.0,0,0,0
1h@v1,2021-04-11T21:00Z,2021-04-16T21:00Z,histdata,0.0,0.0,False,True,True,-4.0,7092,0.08333333333333333,0.0,0,0,0
1h@v1,2021-04-18T21:00Z,2021-04-23T21:00Z,histdata,0.0,0.0,False,True,True,-4.0,7122,0.0,0.0,0,0,0
1h@v1,2021-04-25T21:00Z,2021-04-30T21:00Z,histdata,0.0,0.0,False,True,True,-4.0,7124,0.0,0.0,0,0,0
1h@v1,2021-05-02T21:00Z,2021-05-07T21:00Z,histdata,0.0,0.0,False,True,True,-4.0,7079,0.0,0.0,0,0,0
1h@v1,2021-05-09T21:00Z,2021-05-14T21:00Z,histdata,0.0,0.0,False,True,True,-4.0,7119,0.0,0.0,0,0,0
1h@v1,2021-05-16T21:00Z,2021-05-21T21:00Z,histdata,0.0,0.0,False,True,True,-4.0,7105,0.0,0.0,0,0,0
1h@v1,2021-05-23T21:00Z,2021-05-28T21:00Z,histdata,0.0,0.0,False,True,True,-4.0,7107,0.0,0.0,0,0,0
1h@v1,2021-05-30T21:00Z,2021-06-04T21:00Z,histdata,0.0,0.0,False,True,True,-4.0,5845,0.0,0.0,0,0,0
1h@v1,2021-06-06T21:00Z,2021-06-11T21:00Z,histdata,0.0,0.0,False,True,True,-4.0,7048,0.0,0.0,0,0,0
1h@v1,2021-06-13T21:00Z,2021-06-18T21:00Z,histdata,0.0,0.0,False,True,True,-4.0,7130,0.0,0.0,0,0,0
1h@v1,2021-06-20T21:00Z,2021-06-25T21:00Z,histdata,0.0,0.0,False,True,True,-4.0,7143,0.05,0.0,0,0,0
1h@v1,2021-06-27T21:00Z,2021-07-02T21:00Z,histdata,0.0,0.0,False,True,True,-4.0,7068,0.016666666666666666,0.0,0,0,0
1h@v1,2021-07-04T21:00Z,2021-07-09T21:00Z,histdata,0.0,0.0,False,True,True,-4.0,7124,0.0,0.0,0,0,0
1h@v1,2021-07-11T21:00Z,2021-07-16T21:00Z,histdata,0.0,0.0,False,True,True,-4.0,7133,0.03333333333333333,0.0,0,0,0
1h@v1,2021-07-18T21:00Z,2021-07-23T21:00Z,histdata,0.0,0.0,False,True,True,-4.0,7109,0.0,0.0,0,0,0
1h@v1,2021-07-25T21:00Z,2021-07-30T21:00Z,histdata,0.0,0.0,False,True,True,-4.0,7132,0.0,0.0,0,0,0
1h@v1,2021-08-01T21:00Z,2021-08-06T21:00Z,histdata,0.0,0.0,False,True,True,-4.0,7100,0.0,0.0,0,0,0
1h@v1,2021-08-08T21:00Z,2021-08-13T21:00Z,histdata,0.0,0.0,False,True,True,-4.0,7044,0.0,0.0,0,0,0
1h@v1,2021-08-15T21:00Z,2021-08-20T21:00Z,histdata,0.0,0.0,False,True,True,-4.0,7082,0.06666666666666667,0.0,0,0,0
1h@v1,2021-08-22T21:00Z,2021-08-27T21:00Z,histdata,0.0,0.0,False,True,True,-4.0,7095,0.05,0.0,0,0,0
1h@v1,2021-08-29T21:00Z,2021-09-03T21:00Z,histdata,0.0,0.0,False,True,True,-4.0,7059,0.0,0.0,0,0,0
1h@v1,2021-09-05T21:00Z,2021-09-10T21:00Z,histdata,0.0,0.0,False,True,True,-4.0,7112,0.05,0.0,0,0,0
1h@v1,2021-09-12T21:00Z,2021-09-17T21:00Z,histdata,0.0,0.0,False,True,True,-4.0,7082,0.0,0.0,0,0,0
1h@v1,2021-09-19T21:00Z,2021-09-24T21:00Z,histdata,0.0,0.0,False,True,True,-4.0,7097,0.0,0.0,0,0,0
1h@v1,2021-09-26T21:00Z,2021-10-01T21:00Z,histdata,0.0,0.0,False,True,True,-4.0,7153,0.0,0.0,0,0,0
1h@v1,2021-10-03T21:00Z,2021-10-08T21:00Z,histdata,0.0,0.0,False,True,True,-4.0,7145,0.0,0.0,0,0,0
1h@v1,2021-10-10T21:00Z,2021-10-15T21:00Z,histdata,0.0,0.0,False,True,True,-4.0,7153,0.05,0.0,0,0,0
1h@v1,2021-10-17T21:00Z,2021-10-22T21:00Z,histdata,0.0,0.0,False,True,True,-4.0,7146,0.0,0.0,0,0,0
1h@v1,2021-10-24T21:00Z,2021-10-29T21:00Z,histdata,0.0,0.0,False,True,True,-4.0,7161,0.0,0.0,0,0,0
1h@v1,2021-10-31T21:00Z,2021-11-05T21:00Z,histdata,-1.0,-1.0,True,True,False,-5.0,7244,0.0,0.0,1,0,0
1h@v1,2021-11-07T22:00Z,2021-11-12T22:00Z,histdata,0.0,0.0,False,False,False,-5.0,7162,0.0,0.0,0,0,0
1h@v1,2021-11-14T22:00Z,2021-11-19T22:00Z,histdata,0.0,0.0,False,False,False,-5.0,7185,0.0,0.0,0,0,0
1h@v1,2021-11-21T22:00Z,2021-11-26T22:00Z,histdata,0.0,0.0,False,False,False,-5.0,7175,0.0,-0.016666666666666666,0,0,0
1h@v1,2021-11-28T22:00Z,2021-12-03T22:00Z,histdata,0.0,0.0,False,False,False,-5.0,7198,0.0,0.0,0,0,0
1h@v1,2021-12-05T22:00Z,2021-12-10T22:00Z,histdata,0.0,0.0,False,False,False,-5.0,7171,0.0,0.0,0,0,0
1h@v1,2021-12-12T22:00Z,2021-12-17T22:00Z,histdata,0.0,0.0,False,False,False,-5.0,7166,0.0,0.0,0,0,0
1h@v1,2021-12-19T22:00Z,2021-12-24T22:00Z,histdata,0.0,0.0,False,False,False,-5.0,7139,0.0,-0.016666666666666666,0,0,0
1h@v1,2021-12-26T22:00Z,2021-12-31T22:00Z,histdata,0.0,0.0,False,False,False,-5.0,7062,0.0,-0.016666666666666666,0,0,0
1h@v1,2022-01-02T22:00Z,2022-01-07T22:00Z,histdata,0.0,0.0,False,False,False,-5.0,7150,0.0,0.0,0,0,0
1h@v1,2022-01-09T22:00Z,2022-01-14T22:00Z,histdata,0.0,0.0,False,False,False,-5.0,7161,0.0,0.0,0,0,0
1h@v1,2022-01-16T22:00Z,2022-01-21T22:00Z,histdata,0.0,0.0,False,False,False,-5.0,7120,0.0,0.0,0,0,0
1h@v1,2022-01-23T22:00Z,2022-01-28T22:00Z,histdata,0.0,0.0,False,False,False,-5.0,7185,0.0,0.0,0,0,0
1h@v1,2022-01-30T22:00Z,2022-02-04T22:00Z,histdata,0.0,0.0,False,False,False,-5.0,7144,0.0,0.0,0,0,0
1h@v1,2022-02-06T22:00Z,2022-02-11T22:00Z,histdata,0.0,0.0,False,False,False,-5.0,7182,0.0,0.0,0,0,0
1h@v1,2022-02-13T22:00Z,2022-02-18T22:00Z,histdata,0.0,0.0,False,False,False,-5.0,7173,0.0,0.0,0,0,0
1h@v1,2022-02-20T22:00Z,2022-02-25T22:00Z,histdata,0.0,0.0,False,False,False,-5.0,7170,0.0,0.0,0,0,0
1h@v1,2022-02-27T22:00Z,2022-03-04T22:00Z,histdata,0.0,0.0,False,False,False,-5.0,7178,0.0,0.0,0,0,0
1h@v1,2022-03-06T22:00Z,2022-03-11T22:00Z,histdata,0.0,0.0,False,False,False,-5.0,7187,0.0,0.0,0,0,0
1h@v1,2022-03-13T21:00Z,2022-03-18T21:00Z,histdata,-1.0,-1.0,True,True,False,-5.0,7172,0.0,0.0,1,0,0
1h@v1,2022-03-20T21:00Z,2022-03-25T21:00Z,histdata,-1.0,-1.0,True,True,False,-5.0,7164,0.06666666666666667,0.0,1,0,0
1h@v1,2022-03-27T21:00Z,2022-04-01T21:00Z,histdata,0.0,0.0,False,True,True,-4.0,7094,0.0,0.0,0,0,0
1h@v1,2022-04-03T21:00Z,2022-04-08T21:00Z,histdata,0.0,0.0,False,True,True,-4.0,7149,0.0,0.0,0,0,0
1h@v1,2022-04-10T21:00Z,2022-04-15T21:00Z,histdata,0.0,0.0,False,True,True,-4.0,7169,0.0,-0.016666666666666666,0,0,0
1h@v1,2022-04-17T21:00Z,2022-04-22T21:00Z,histdata,0.0,0.0,False,True,True,-4.0,7170,0.2,0.0,0,0,0
1h@v1,2022-04-24T21:00Z,2022-04-29T21:00Z,histdata,0.0,0.0,False,True,True,-4.0,7167,0.2,0.0,0,0,0
1h@v1,2022-05-01T21:00Z,2022-05-06T21:00Z,histdata,0.0,0.0,False,True,True,-4.0,7182,0.0,0.0,0,0,0
1h@v1,2022-05-08T21:00Z,2022-05-13T21:00Z,histdata,0.0,0.0,False,True,True,-4.0,7173,0.0,0.0,0,0,0
1h@v1,2022-05-15T21:00Z,2022-05-20T21:00Z,histdata,0.0,0.0,False,True,True,-4.0,7170,0.1,0.0,0,0,0
1h@v1,2022-05-22T21:00Z,2022-05-27T21:00Z,histdata,0.0,0.0,False,True,True,-4.0,7172,0.0,0.0,0,0,0
1h@v1,2022-05-29T21:00Z,2022-06-03T21:00Z,histdata,0.0,0.0,False,True,True,-4.0,7171,0.03333333333333333,0.0,0,0,0
1h@v1,2022-06-05T21:00Z,2022-06-10T21:00Z,histdata,0.0,0.0,False,True,True,-4.0,7180,0.0,0.0,0,0,0
1h@v1,2022-06-12T21:00Z,2022-06-17T21:00Z,histdata,0.0,0.0,False,True,True,-4.0,7185,0.0,0.0,0,0,0
1h@v1,2022-06-19T21:00Z,2022-06-24T21:00Z,histdata,0.0,0.0,False,True,True,-4.0,7165,0.0,0.0,0,0,0
1h@v1,2022-06-26T21:00Z,2022-07-01T21:00Z,histdata,0.0,0.0,False,True,True,-4.0,7159,0.5,0.0,0,0,0
1h@v1,2022-07-03T21:00Z,2022-07-08T21:00Z,histdata,0.0,0.0,False,True,True,-4.0,7149,0.0,0.0,0,0,0
1h@v1,2022-07-10T21:00Z,2022-07-15T21:00Z,histdata,0.0,0.0,False,True,True,-4.0,7188,0.0,0.0,0,0,0
1h@v1,2022-07-17T21:00Z,2022-07-22T21:00Z,histdata,0.0,0.0,False,True,True,-4.0,7165,0.08333333333333333,0.0,0,0,0
1h@v1,2022-07-24T21:00Z,2022-07-29T21:00Z,histdata,0.0,0.0,False,True,True,-4.0,7184,0.0,0.0,0,0,0
1h@v1,2022-07-31T21:00Z,2022-08-05T21:00Z,histdata,0.0,0.0,False,True,True,-4.0,7176,0.06666666666666667,0.0,0,0,0
1h@v1,2022-08-07T21:00Z,2022-08-12T21:00Z,histdata,0.0,0.0,False,True,True,-4.0,7160,0.06666666666666667,0.0,0,0,0
1h@v1,2022-08-14T21:00Z,2022-08-19T21:00Z,histdata,0.0,0.0,False,True,True,-4.0,7164,0.08333333333333333,0.0,0,0,0
1h@v1,2022-08-21T21:00Z,2022-08-26T21:00Z,histdata,0.0,0.0,False,True,True,-4.0,7156,0.0,0.0,0,0,0
1h@v1,2022-08-28T21:00Z,2022-09-02T21:00Z,histdata,0.0,0.0,False,True,True,-4.0,7059,0.0,0.0,0,0,0
1h@v1,2022-09-04T21:00Z,2022-09-09T21:00Z,histdata,0.0,0.0,False,True,True,-4.0,7181,0.0,0.0,0,0,0
1h@v1,2022-09-11T21:00Z,2022-09-16T21:00Z,histdata,0.0,0.0,False,True,True,-4.0,7187,0.0,0.0,0,0,0
1h@v1,2022-09-18T21:00Z,2022-09-23T21:00Z,histdata,0.0,0.0,False,True,True,-4.0,7156,0.0,0.0,0,0,0
1h@v1,2022-09-25T21:00Z,2022-09-30T21:00Z,histdata,0.0,0.0,False,True,True,-4.0,7182,0.0,0.0,0,0,0
1h@v1,2022-10-02T21:00Z,2022-10-07T21:00Z,histdata,0.0,0.0,False,True,True,-4.0,7169,0.08333333333333333,0.0,0,0,0
1h@v1,2022-10-09T21:00Z,2022-10-14T21:00Z,histdata,0.0,0.0,False,True,True,-4.0,7141,0.21666666666666667,0.0,0,0,0
1h@v1,2022-10-16T21:00Z,2022-10-21T21:00Z,histdata,0.0,0.0,False,True,True,-4.0,7175,0.0,0.0,0,0,0
1h@v1,2022-10-23T21:00Z,2022-10-28T21:00Z,histdata,0.0,0.0,False,True,True,-4.0,7160,0.08333333333333333,0.0,0,0,0
1h@v1,2022-10-30T21:00Z,2022-11-04T21:00Z,histdata,-1.0,-1.0,True,True,False,-5.0,7221,0.0,0.0,1,0,0
1h@v1,2022-11-06T22:00Z,2022-11-11T22:00Z,histdata,0.0,0.0,False,False,False,-5.0,7186,0.0,0.0,0,0,0
1h@v1,2022-11-13T22:00Z,2022-11-18T22:00Z,histdata,0.0,0.0,False,False,False,-5.0,7188,0.0,0.0,0,0,0
1h@v1,2022-11-20T22:00Z,2022-11-25T22:00Z,histdata,0.0,0.0,False,False,False,-5.0,7176,0.0,0.0,0,0,0
1h@v1,2022-11-27T22:00Z,2022-12-02T22:00Z,histdata,0.0,0.0,False,False,False,-5.0,7173,0.0,0.0,0,0,0
1h@v1,2022-12-04T22:00Z,2022-12-09T22:00Z,histdata,0.0,0.0,False,False,False,-5.0,7171,0.0,0.0,0,0,0
1h@v1,2022-12-11T22:00Z,2022-12-16T22:00Z,histdata,0.0,0.0,False,False,False,-5.0,7170,0.0,0.0,0,0,0
1h@v1,2022-12-18T22:00Z,2022-12-23T22:00Z,histdata,0.0,0.0,False,False,False,-5.0,7186,0.016666666666666666,0.0,0,0,0
1h@v1,2022-12-25T22:00Z,2022-12-30T22:00Z,histdata,0.0,0.0,False,False,False,-5.0,7081,0.06666666666666667,-0.016666666666666666,0,0,0
1h@v1,2023-01-01T22:00Z,2023-01-06T22:00Z,histdata,0.0,0.0,False,False,False,-5.0,7096,0.0,0.0,0,0,0
1h@v1,2023-01-08T22:00Z,2023-01-13T22:00Z,histdata,0.0,0.0,False,False,False,-5.0,7178,0.0,0.0,0,0,0
1h@v1,2023-01-15T22:00Z,2023-01-20T22:00Z,histdata,0.0,0.0,False,False,False,-5.0,7172,0.0,0.0,0,0,0
1h@v1,2023-01-22T22:00Z,2023-01-27T22:00Z,histdata,0.0,0.0,False,False,False,-5.0,7164,0.0,0.0,0,0,0
1h@v1,2023-01-29T22:00Z,2023-02-03T22:00Z,dukascopy|histdata,0.0,0.0,False,False,False,-5.0,7159,0.0,0.0,0,0,0
1h@v1,2023-02-05T22:00Z,2023-02-10T22:00Z,dukascopy,0.0,0.0,False,False,False,-5.0,7189,0.0,0.0,0,0,0
1h@v1,2023-02-12T22:00Z,2023-02-17T22:00Z,dukascopy,0.0,0.0,False,False,False,-5.0,7186,0.0,0.0,0,0,0
1h@v1,2023-02-19T22:00Z,2023-02-24T22:00Z,dukascopy,0.0,0.0,False,False,False,-5.0,5084,0.0,0.0,0,0,0
1h@v1,2023-02-26T22:00Z,2023-03-03T22:00Z,dukascopy,0.0,0.0,False,False,False,-5.0,4950,2.0,0.0,0,0,0
1h@v1,2023-03-05T22:00Z,2023-03-10T22:00Z,dukascopy,0.0,0.0,False,False,False,-5.0,5072,0.0,-1.0,0,0,0
1h@v1,2023-03-12T21:00Z,2023-03-17T21:00Z,dukascopy,0.0,0.0,False,True,False,-5.0,5098,0.0,-1.0,0,0,0
1h@v1,2023-03-19T21:00Z,2023-03-24T21:00Z,dukascopy,0.0,0.0,False,True,False,-5.0,5089,0.016666666666666666,-1.0,0,0,0
1h@v1,2023-03-26T21:00Z,2023-03-31T21:00Z,dukascopy,0.0,0.0,False,True,True,-5.0,5039,2.0,0.0,0,0,0
1h@v1,2023-04-02T21:00Z,2023-04-07T21:00Z,dukascopy,0.0,0.0,False,True,True,-5.0,4544,3.0,-20.0,0,0,0
1h@v1,2023-04-09T21:00Z,2023-04-14T21:00Z,dukascopy,0.0,0.0,False,True,True,-4.0,5094,2.0,0.0,0,0,0
1h@v1,2023-04-16T21:00Z,2023-04-21T21:00Z,dukascopy,0.0,0.0,False,True,True,-5.0,4978,2.0,0.0,0,0,0
1h@v1,2023-04-23T21:00Z,2023-04-28T21:00Z,dukascopy,0.0,0.0,False,True,True,-5.0,5036,2.0,-1.0,0,0,0
1h@v1,2023-04-30T21:00Z,2023-05-05T21:00Z,dukascopy,0.0,0.0,False,True,True,-5.0,4978,2.0,0.0,0,0,0
1h@v1,2023-05-07T21:00Z,2023-05-12T21:00Z,dukascopy,0.0,0.0,False,True,True,-5.0,5026,1.0666666666666667,0.0,0,0,0
1h@v1,2023-05-14T21:00Z,2023-05-19T21:00Z,dukascopy,0.0,0.0,False,True,True,-5.0,5088,1.0,0.0,0,0,0
1h@v1,2023-05-21T21:00Z,2023-05-26T21:00Z,dukascopy,0.0,0.0,False,True,True,-5.0,5087,1.0,0.0,0,0,0
1h@v1,2023-05-28T21:00Z,2023-06-02T21:00Z,dukascopy,0.0,0.0,False,True,True,-4.0,5090,1.0,0.0,0,0,0
1h@v1,2023-06-04T21:00Z,2023-06-09T21:00Z,dukascopy,0.0,0.0,False,True,True,-5.0,5032,2.0,-1.0,0,0,0
1h@v1,2023-06-11T21:00Z,2023-06-16T21:00Z,dukascopy,0.0,0.0,False,True,True,-4.0,5091,1.0,0.0,0,0,0
1h@v1,2023-06-18T21:00Z,2023-06-23T21:00Z,dukascopy,0.0,0.0,False,True,True,-5.0,5081,1.0166666666666666,0.0,0,0,0
1h@v1,2023-06-25T21:00Z,2023-06-30T21:00Z,dukascopy,0.0,0.0,False,True,True,-4.0,5089,1.0,0.0,0,0,0
1h@v1,2023-07-02T21:00Z,2023-07-07T21:00Z,dukascopy,0.0,0.0,False,True,True,-4.0,5087,1.0,0.0,0,0,0
1h@v1,2023-07-09T21:00Z,2023-07-14T21:00Z,dukascopy,0.0,0.0,False,True,True,-4.0,5143,0.08333333333333333,0.0,0,0,0
1h@v1,2023-07-16T21:00Z,2023-07-21T21:00Z,dukascopy,0.0,0.0,False,True,True,-5.0,5096,2.0,0.0,0,0,0
1h@v1,2023-07-23T21:00Z,2023-07-28T21:00Z,dukascopy,0.0,0.0,False,True,True,-5.0,5031,2.0,-1.0,0,0,0
1h@v1,2023-07-30T21:00Z,2023-08-04T21:00Z,dukascopy|histdata,0.0,0.0,False,True,True,-4.0,7187,0.0,0.0,0,0,0
1h@v1,2023-08-06T21:00Z,2023-08-11T21:00Z,histdata,0.0,0.0,False,True,True,-4.0,7183,0.0,0.0,0,0,0
1h@v1,2023-08-13T21:00Z,2023-08-18T21:00Z,histdata,0.0,0.0,False,True,True,-4.0,7181,0.016666666666666666,0.0,0,0,0
1h@v1,2023-08-20T21:00Z,2023-08-25T21:00Z,histdata,0.0,0.0,False,True,True,-4.0,7179,0.016666666666666666,0.0,0,0,0
1h@v1,2023-08-27T21:00Z,2023-09-01T21:00Z,histdata,0.0,0.0,False,True,True,-4.0,7181,0.0,0.0,0,0,0
1h@v1,2023-09-03T21:00Z,2023-09-08T21:00Z,histdata,0.0,0.0,False,True,True,-4.0,7151,0.05,0.0,0,0,0
1h@v1,2023-09-10T21:00Z,2023-09-15T21:00Z,histdata,0.0,0.0,False,True,True,-4.0,7166,0.0,0.0,0,0,0
1h@v1,2023-09-17T21:00Z,2023-09-22T21:00Z,histdata,0.0,0.0,False,True,True,-4.0,7172,0.0,0.0,0,0,0
1h@v1,2023-09-24T21:00Z,2023-09-29T21:00Z,histdata,0.0,0.0,False,True,True,-4.0,7137,0.06666666666666667,0.0,0,0,0
1h@v1,2023-10-01T21:00Z,2023-10-06T21:00Z,histdata,0.0,0.0,False,True,True,-4.0,7188,0.0,0.0,0,0,0
1h@v1,2023-10-08T21:00Z,2023-10-13T21:00Z,histdata,0.0,0.0,False,True,True,-4.0,7186,0.0,0.0,0,0,0
1h@v1,2023-10-15T21:00Z,2023-10-20T21:00Z,histdata,0.0,0.0,False,True,True,-4.0,7179,0.0,0.0,0,0,0
1h@v1,2023-10-22T21:00Z,2023-10-27T21:00Z,histdata,0.0,0.0,False,True,True,-4.0,7172,0.0,0.0,0,0,0
1h@v1,2023-10-29T21:00Z,2023-11-03T21:00Z,histdata,-1.0,-1.0,True,True,False,-5.0,7239,0.0,0.0,1,0,0
1h@v1,2023-11-05T22:00Z,2023-11-10T22:00Z,histdata,0.0,0.0,False,False,False,-5.0,7187,0.0,0.0,0,0,0
1h@v1,2023-11-12T22:00Z,2023-11-17T22:00Z,histdata,0.0,0.0,False,False,False,-5.0,7183,0.0,0.0,0,0,0
1h@v1,2023-11-19T22:00Z,2023-11-24T22:00Z,histdata,0.0,0.0,False,False,False,-5.0,7164,0.06666666666666667,0.0,0,0,0
1h@v1,2023-11-26T22:00Z,2023-12-01T22:00Z,histdata,0.0,0.0,False,False,False,-5.0,7190,0.0,0.0,0,0,0
1h@v1,2023-12-03T22:00Z,2023-12-08T22:00Z,histdata,0.0,0.0,False,False,False,-5.0,7191,0.0,0.0,0,0,0
1h@v1,2023-12-10T22:00Z,2023-12-15T22:00Z,histdata,0.0,0.0,False,False,False,-5.0,7193,0.0,0.0,0,0,0
1h@v1,2023-12-17T22:00Z,2023-12-22T22:00Z,histdata,0.0,0.0,False,False,False,-5.0,7192,0.0,-0.016666666666666666,0,0,0
1h@v1,2023-12-24T22:00Z,2023-12-29T22:00Z,histdata,1.0,0.0,False,False,False,-5.0,6108,1.5333333333333334,-0.016666666666666666,0,0,0
1h@v1,2023-12-31T22:00Z,2024-01-05T22:00Z,histdata,24.0,0.0,False,False,False,-5.0,5744,24.0,0.0,0,0,0
1h@v1,2024-01-07T22:00Z,2024-01-12T22:00Z,histdata,0.0,0.0,False,False,False,-5.0,7193,0.08333333333333333,0.0,0,0,0
1h@v1,2024-01-14T22:00Z,2024-01-19T22:00Z,histdata,0.0,0.0,False,False,False,-5.0,7190,0.06666666666666667,0.0,0,0,0
1h@v1,2024-01-21T22:00Z,2024-01-26T22:00Z,histdata,0.0,0.0,False,False,False,-5.0,7193,0.0,0.0,0,0,0
1h@v1,2024-01-28T22:00Z,2024-02-02T22:00Z,histdata,0.0,0.0,False,False,False,-5.0,7183,0.0,0.0,0,0,0
1h@v1,2024-02-04T22:00Z,2024-02-09T22:00Z,histdata,0.0,0.0,False,False,False,-5.0,7191,0.0,0.0,0,0,0
1h@v1,2024-02-11T22:00Z,2024-02-16T22:00Z,histdata,0.0,0.0,False,False,False,-5.0,7187,0.0,0.0,0,0,0
1h@v1,2024-02-18T22:00Z,2024-02-23T22:00Z,histdata,0.0,0.0,False,False,False,-5.0,7164,0.0,0.0,0,0,0
1h@v1,2024-02-25T22:00Z,2024-03-01T22:00Z,histdata,0.0,0.0,False,False,False,-5.0,7182,0.0,0.0,0,0,0
1h@v1,2024-03-03T22:00Z,2024-03-08T22:00Z,histdata,0.0,0.0,False,False,False,-5.0,7186,0.0,0.0,0,0,0
1h@v1,2024-03-10T21:00Z,2024-03-15T21:00Z,histdata,-1.0,-1.0,True,True,False,-5.0,7174,0.06666666666666667,0.0,1,0,0
1h@v1,2024-03-17T21:00Z,2024-03-22T21:00Z,histdata,-1.0,-1.0,True,True,False,-5.0,7172,0.0,0.0,1,0,0
1h@v1,2024-03-24T21:00Z,2024-03-29T21:00Z,histdata,-1.0,-1.0,True,True,False,-5.0,7172,0.05,0.0,1,0,0
1h@v1,2024-03-31T21:00Z,2024-04-05T21:00Z,histdata,0.0,0.0,False,True,True,-4.0,7129,0.0,0.0,0,0,0
1h@v1,2024-04-07T21:00Z,2024-04-12T21:00Z,histdata,0.0,0.0,False,True,True,-4.0,7189,0.0,0.0,0,0,0
1h@v1,2024-04-14T21:00Z,2024-04-19T21:00Z,histdata,0.0,0.0,False,True,True,-4.0,7184,0.0,0.0,0,0,0
1h@v1,2024-04-21T21:00Z,2024-04-26T21:00Z,histdata,0.0,0.0,False,True,True,-4.0,7167,0.0,0.0,0,0,0
1h@v1,2024-04-28T21:00Z,2024-05-03T21:00Z,histdata,0.0,0.0,False,True,True,-4.0,7188,0.0,0.0,0,0,0
1h@v1,2024-05-05T21:00Z,2024-05-10T21:00Z,histdata,0.0,0.0,False,True,True,-4.0,7159,0.06666666666666667,0.0,0,0,0
1h@v1,2024-05-12T21:00Z,2024-05-17T21:00Z,histdata,0.0,0.0,False,True,True,-4.0,7163,0.0,0.0,0,0,0
1h@v1,2024-05-19T21:00Z,2024-05-24T21:00Z,histdata,0.0,0.0,False,True,True,-4.0,7167,0.0,0.0,0,0,0
1h@v1,2024-05-26T21:00Z,2024-05-31T21:00Z,histdata,0.0,0.0,False,True,True,-4.0,7165,0.06666666666666667,0.0,0,0,0
1h@v1,2024-06-02T21:00Z,2024-06-07T21:00Z,histdata,0.0,0.0,False,True,True,-4.0,7174,0.016666666666666666,0.0,0,0,0
1h@v1,2024-06-09T21:00Z,2024-06-14T21:00Z,histdata,0.0,0.0,False,True,True,-4.0,7170,0.03333333333333333,0.0,0,0,0
1h@v1,2024-06-16T21:00Z,2024-06-21T21:00Z,histdata,0.0,0.0,False,True,True,-4.0,7161,0.06666666666666667,0.0,0,0,0
1h@v1,2024-06-23T21:00Z,2024-06-28T21:00Z,histdata,0.0,0.0,False,True,True,-4.0,7178,0.0,0.0,0,0,0
1h@v1,2024-06-30T21:00Z,2024-07-05T21:00Z,histdata,0.0,0.0,False,True,True,-4.0,7153,0.0,0.0,0,0,0
1h@v1,2024-07-07T21:00Z,2024-07-12T21:00Z,histdata,0.0,0.0,False,True,True,-4.0,7173,0.0,0.0,0,0,0
1h@v1,2024-07-14T21:00Z,2024-07-19T21:00Z,histdata,0.0,0.0,False,True,True,-4.0,7184,0.0,0.0,0,0,0
1h@v1,2024-07-21T21:00Z,2024-07-26T21:00Z,histdata,0.0,0.0,False,True,True,-4.0,7176,0.06666666666666667,0.0,0,0,0
1h@v1,2024-07-28T21:00Z,2024-08-02T21:00Z,histdata,0.0,0.0,False,True,True,-4.0,7190,0.0,0.0,0,0,0
1h@v1,2024-08-04T21:00Z,2024-08-09T21:00Z,histdata,0.0,0.0,False,True,True,-4.0,6950,0.05,0.0,0,0,0
1h@v1,2024-08-11T21:00Z,2024-08-16T21:00Z,histdata,0.0,0.0,False,True,True,-4.0,7178,0.08333333333333333,0.0,0,0,0
1h@v1,2024-08-18T21:00Z,2024-08-23T21:00Z,histdata,0.0,0.0,False,True,True,-4.0,7185,0.0,0.0,0,0,0
1h@v1,2024-08-25T21:00Z,2024-08-30T21:00Z,histdata,0.0,0.0,False,True,True,-4.0,7188,0.0,0.0,0,0,0
1h@v1,2024-09-01T21:00Z,2024-09-06T21:00Z,histdata,0.0,0.0,False,True,True,-4.0,7140,0.06666666666666667,0.0,0,0,0
1h@v1,2024-09-08T21:00Z,2024-09-13T21:00Z,histdata,0.0,0.0,False,True,True,-4.0,7174,0.06666666666666667,0.0,0,0,0
1h@v1,2024-09-15T21:00Z,2024-09-20T21:00Z,histdata,0.0,0.0,False,True,True,-4.0,7156,0.016666666666666666,0.0,0,0,0
1h@v1,2024-09-22T21:00Z,2024-09-27T21:00Z,histdata,0.0,0.0,False,True,True,-4.0,7147,0.08333333333333333,0.0,0,0,0
1h@v1,2024-09-29T21:00Z,2024-10-04T21:00Z,histdata,0.0,0.0,False,True,True,-4.0,7141,0.1,0.0,0,0,0
1h@v1,2024-10-06T21:00Z,2024-10-11T21:00Z,histdata,0.0,0.0,False,True,True,-4.0,7171,0.0,0.0,0,0,0
1h@v1,2024-10-13T21:00Z,2024-10-18T21:00Z,histdata,0.0,0.0,False,True,True,-4.0,7166,0.03333333333333333,0.0,0,0,0
1h@v1,2024-10-20T21:00Z,2024-10-25T21:00Z,histdata,0.0,0.0,False,True,True,-4.0,6676,0.0,0.0,0,0,0
1h@v1,2024-10-27T21:00Z,2024-11-01T21:00Z,histdata,-1.0,-1.0,True,True,False,-5.0,6758,0.0,0.0,2,0,0
1h@v1,2024-11-03T22:00Z,2024-11-08T22:00Z,histdata,0.0,0.0,False,False,False,-5.0,7184,0.0,0.0,0,0,0
1h@v1,2024-11-10T22:00Z,2024-11-15T22:00Z,histdata,0.0,0.0,False,False,False,-5.0,7067,0.0,0.0,0,0,0
1h@v1,2024-11-17T22:00Z,2024-11-22T22:00Z,histdata,0.0,0.0,False,False,False,-5.0,7169,0.05,0.0,0,0,0
1h@v1,2024-11-24T22:00Z,2024-11-29T22:00Z,histdata,0.0,0.0,False,False,False,-5.0,7161,0.0,0.0,0,0,0
1h@v1,2024-12-01T22:00Z,2024-12-06T22:00Z,histdata,0.0,0.0,False,False,False,-5.0,7176,0.06666666666666667,0.0,0,0,0
1h@v1,2024-12-08T22:00Z,2024-12-13T22:00Z,histdata,0.0,0.0,False,False,False,-5.0,7127,0.06666666666666667,0.0,0,0,0
1h@v1,2024-12-15T22:00Z,2024-12-20T22:00Z,histdata,0.0,0.0,False,False,False,-5.0,7169,0.0,0.0,0,0,0
1h@v1,2024-12-22T22:00Z,2024-12-27T22:00Z,histdata,0.0,0.0,False,False,False,-5.0,6149,0.06666666666666667,0.0,0,0,0
1h@v1,2024-12-29T22:00Z,2025-01-03T22:00Z,histdata,0.0,0.0,False,False,False,-5.0,5712,0.03333333333333333,0.0,0,0,0
1h@v1,2025-01-05T22:00Z,2025-01-10T22:00Z,histdata,0.0,0.0,False,False,False,-5.0,7161,0.03333333333333333,0.0,0,0,0
1h@v1,2025-01-12T22:00Z,2025-01-17T22:00Z,histdata,0.0,0.0,False,False,False,-5.0,7178,0.06666666666666667,0.0,0,0,0
1h@v1,2025-01-19T22:00Z,2025-01-24T22:00Z,histdata,0.0,0.0,False,False,False,-5.0,7169,0.06666666666666667,0.0,0,0,0
1h@v1,2025-01-26T22:00Z,2025-01-31T22:00Z,histdata,0.0,0.0,False,False,False,-5.0,7169,0.0,0.0,0,0,0
1h@v1,2025-02-02T22:00Z,2025-02-07T22:00Z,histdata,0.0,0.0,False,False,False,-5.0,7173,0.0,0.0,0,0,0
1h@v1,2025-02-09T22:00Z,2025-02-14T22:00Z,histdata,0.0,0.0,False,False,False,-5.0,7186,0.0,0.0,0,0,0
1h@v1,2025-02-16T22:00Z,2025-02-21T22:00Z,histdata,0.0,0.0,False,False,False,-5.0,7164,0.0,0.0,0,0,0
1h@v1,2025-02-23T22:00Z,2025-02-28T22:00Z,histdata,0.0,0.0,False,False,False,-5.0,7157,0.0,0.0,0,0,0
1h@v1,2025-03-02T22:00Z,2025-03-07T22:00Z,histdata,0.0,0.0,False,False,False,-5.0,7171,0.06666666666666667,0.0,0,0,0
1h@v1,2025-03-09T21:00Z,2025-03-14T21:00Z,histdata,-1.0,-1.0,True,True,False,-5.0,7130,0.0,0.0,1,0,0
1h@v1,2025-03-16T21:00Z,2025-03-21T21:00Z,histdata,-1.0,-1.0,True,True,False,-5.0,7164,0.0,0.0,1,0,0
1h@v1,2025-03-23T21:00Z,2025-03-28T21:00Z,histdata,-1.0,-1.0,True,True,False,-5.0,7150,0.0,0.0,1,0,0
1h@v1,2025-03-30T21:00Z,2025-04-04T21:00Z,histdata,0.0,0.0,False,True,True,-4.0,7096,0.0,0.0,0,0,0
1h@v1,2025-04-06T21:00Z,2025-04-11T21:00Z,histdata,0.0,0.0,False,True,True,-4.0,7138,0.016666666666666666,0.0,0,0,0
1h@v1,2025-04-13T21:00Z,2025-04-18T21:00Z,histdata,0.0,0.0,False,True,True,-4.0,7146,0.0,0.0,0,0,0
1h@v1,2025-04-20T21:00Z,2025-04-25T21:00Z,histdata,0.0,0.0,False,True,True,-4.0,7180,0.0,0.0,0,0,0
1h@v1,2025-04-27T21:00Z,2025-05-02T21:00Z,histdata,0.0,0.0,False,True,True,-4.0,7157,0.03333333333333333,0.0,0,0,0
1h@v1,2025-05-04T21:00Z,2025-05-09T21:00Z,histdata,0.0,0.0,False,True,True,-4.0,7175,0.0,0.0,0,0,0
1h@v1,2025-05-11T21:00Z,2025-05-16T21:00Z,histdata,0.0,0.0,False,True,True,-4.0,7179,0.0,0.0,0,0,0
1h@v1,2025-05-18T21:00Z,2025-05-23T21:00Z,histdata,0.0,0.0,False,True,True,-4.0,7184,0.016666666666666666,0.0,0,0,0
1h@v1,2025-05-25T21:00Z,2025-05-30T21:00Z,histdata,0.0,0.0,False,True,True,-4.0,7165,0.06666666666666667,0.0,0,0,0
1h@v1,2025-06-01T21:00Z,2025-06-06T21:00Z,histdata,0.0,0.0,False,True,True,-4.0,7176,0.016666666666666666,0.0,0,0,0
1h@v1,2025-06-08T21:00Z,2025-06-13T21:00Z,histdata,0.0,0.0,False,True,True,-4.0,7162,0.06666666666666667,0.0,0,0,0
1h@v1,2025-06-15T21:00Z,2025-06-20T21:00Z,histdata,0.0,0.0,False,True,True,-4.0,7179,0.06666666666666667,0.0,0,0,0
1h@v1,2025-06-22T21:00Z,2025-06-27T21:00Z,histdata,0.0,0.0,False,True,True,-4.0,7171,0.0,0.0,0,0,0
1h@v1,2025-06-29T21:00Z,2025-07-04T21:00Z,histdata,0.0,0.0,False,True,True,-4.0,7162,0.0,0.0,0,0,0
1h@v1,2025-07-06T21:00Z,2025-07-11T21:00Z,histdata,0.0,0.0,False,True,True,-4.0,7168,0.06666666666666667,0.0,0,0,0
1h@v1,2025-07-13T21:00Z,2025-07-18T21:00Z,histdata,0.0,0.0,False,True,True,-4.0,7160,0.0,0.0,0,0,0
1h@v1,2025-07-20T21:00Z,2025-07-25T21:00Z,histdata,0.0,0.0,False,True,True,-4.0,7165,0.0,0.0,0,0,0
1h@v1,2025-07-27T21:00Z,2025-08-01T21:00Z,histdata,0.0,0.0,False,True,True,-4.0,7162,0.0,0.0,0,0,0
1h@v1,2025-08-03T21:00Z,2025-08-08T21:00Z,histdata,0.0,0.0,False,True,True,-4.0,7176,0.0,0.0,0,0,0
1h@v1,2025-08-10T21:00Z,2025-08-15T21:00Z,histdata,0.0,0.0,False,True,True,-4.0,7150,0.06666666666666667,0.0,0,0,0
1h@v1,2025-08-17T21:00Z,2025-08-22T21:00Z,histdata,0.0,0.0,False,True,True,-4.0,7173,0.0,0.0,0,0,0
1h@v1,2025-08-24T21:00Z,2025-08-29T21:00Z,histdata,0.0,0.0,False,True,True,-4.0,7174,0.06666666666666667,0.0,0,0,0
1h@v1,2025-08-31T21:00Z,2025-09-05T21:00Z,histdata,0.0,0.0,False,True,True,-4.0,7146,0.016666666666666666,0.0,0,0,0
1h@v1,2025-09-07T21:00Z,2025-09-12T21:00Z,histdata,0.0,0.0,False,True,True,-4.0,7176,0.0,0.0,0,0,0
1h@v1,2025-09-14T21:00Z,2025-09-19T21:00Z,histdata,0.0,0.0,False,True,True,-4.0,7173,0.15,0.0,0,0,0
1h@v1,2025-09-21T21:00Z,2025-09-26T21:00Z,histdata,0.0,0.0,False,True,True,-4.0,7175,0.016666666666666666,0.0,0,0,0
1h@v1,2025-09-28T21:00Z,2025-10-03T21:00Z,histdata,0.0,0.0,False,True,True,-4.0,7166,0.06666666666666667,0.0,0,0,0
1h@v1,2025-10-05T21:00Z,2025-10-10T21:00Z,histdata,0.0,0.0,False,True,True,-4.0,7177,0.0,0.0,0,0,0
1h@v1,2025-10-12T21:00Z,2025-10-17T21:00Z,histdata,0.0,0.0,False,True,True,-4.0,7185,0.0,0.0,0,0,0
1h@v1,2025-10-19T21:00Z,2025-10-24T21:00Z,histdata,0.0,0.0,False,True,True,-4.0,7167,0.06666666666666667,0.0,0,0,0
1h@v1,2025-10-26T21:00Z,2025-10-31T21:00Z,histdata,-1.0,-1.0,True,True,False,-5.0,7222,0.0,0.0,1,0,0
1h@v1,2025-11-02T22:00Z,2025-11-07T22:00Z,histdata,0.0,0.0,False,False,False,-5.0,7159,0.06666666666666667,0.0,0,0,0
1h@v1,2025-11-09T22:00Z,2025-11-14T22:00Z,histdata,0.0,0.0,False,False,False,-5.0,7182,0.0,0.0,0,0,0
1h@v1,2025-11-16T22:00Z,2025-11-21T22:00Z,histdata,0.0,0.0,False,False,False,-5.0,7187,0.06666666666666667,0.0,0,0,0
1h@v1,2025-11-23T22:00Z,2025-11-28T22:00Z,histdata,0.0,0.0,False,False,False,-5.0,7172,0.06666666666666667,0.0,0,0,0
1h@v1,2025-11-30T22:00Z,2025-12-05T22:00Z,histdata,0.0,0.0,False,False,False,-5.0,7189,0.0,0.0,0,0,0
1h@v1,2025-12-07T22:00Z,2025-12-12T22:00Z,histdata,0.0,0.0,False,False,False,-5.0,7184,0.0,0.0,0,0,0
1h@v1,2025-12-14T22:00Z,2025-12-19T22:00Z,histdata,0.0,0.0,False,False,False,-5.0,7176,0.016666666666666666,0.0,0,0,0
1h@v1,2025-12-21T22:00Z,2025-12-26T22:00Z,histdata,0.0,0.0,False,False,False,-5.0,6131,0.0,0.0,0,0,0
1h@v1,2025-12-28T22:00Z,2026-01-02T22:00Z,histdata,0.0,0.0,False,False,False,-5.0,5735,0.06666666666666667,0.0,0,0,0
1h@v1,2026-01-04T22:00Z,2026-01-09T22:00Z,histdata,0.0,0.0,False,False,False,-5.0,7171,0.0,0.0,0,0,0
1h@v1,2026-01-11T22:00Z,2026-01-16T22:00Z,histdata,0.0,0.0,False,False,False,-5.0,7178,0.0,0.0,0,0,0
1h@v1,2026-01-18T22:00Z,2026-01-23T22:00Z,histdata,0.0,0.0,False,False,False,-5.0,7165,0.0,0.0,0,0,0
1h@v1,2026-01-25T22:00Z,2026-01-30T22:00Z,histdata,0.0,0.0,False,False,False,-5.0,7183,0.0,-0.016666666666666666,0,0,0
1h@v1,2026-02-01T22:00Z,2026-02-06T22:00Z,histdata,0.0,0.0,False,False,False,-5.0,7190,0.0,0.0,0,0,0
1h@v1,2026-02-08T22:00Z,2026-02-13T22:00Z,histdata,0.0,0.0,False,False,False,-5.0,7187,0.0,0.0,0,0,0
1h@v1,2026-02-15T22:00Z,2026-02-20T22:00Z,histdata,0.0,0.0,False,False,False,-5.0,7170,0.06666666666666667,0.0,0,0,0
1h@v1,2026-02-22T22:00Z,2026-02-27T22:00Z,histdata,0.0,0.0,False,False,False,-5.0,7184,0.06666666666666667,-0.016666666666666666,0,0,0
1h@v1,2026-03-01T22:00Z,2026-03-06T22:00Z,histdata,0.0,0.0,False,False,False,-5.0,7189,0.0,0.0,0,0,0
1h@v1,2026-03-08T21:00Z,2026-03-13T21:00Z,histdata,-1.0,-1.0,True,True,False,-5.0,7161,0.0,0.0,1,0,0
1h@v1,2026-03-15T21:00Z,2026-03-20T21:00Z,histdata,-1.0,-1.0,True,True,False,-5.0,7186,0.03333333333333333,0.0,1,0,0
1h@v1,2026-03-22T21:00Z,2026-03-27T21:00Z,histdata,-1.0,-1.0,True,True,False,-5.0,7167,0.05,0.0,1,0,0
1h@v1,2026-03-29T21:00Z,2026-04-03T21:00Z,histdata,0.0,0.0,False,True,True,-4.0,7070,0.016666666666666666,0.0,0,0,0
1h@v1,2026-04-05T21:00Z,2026-04-10T21:00Z,histdata,0.0,0.0,False,True,True,-4.0,7162,0.0,-0.016666666666666666,0,0,0
