symbol,timeframe,start_utc,end_utc,duration_hours,year_of_bar_end,bar_count,states,bars_NOT_FETCHED,bars_PROVIDER_NO_TICKS,bars_UNRECONCILED,bars_OUT_OF_SCOPE,bars_VALIDATION_REJECTED,bars_SOURCE_DIFFERENCE,bars_NOT_PLANNED,bars_UNDETERMINED,bars_with_unordered_records,holiday_candidate_pending,holiday_candidates,basis_plan_ids,history
AUDJPY,15m@v1,2016-12-25T22:00Z,2016-12-25T22:30Z,0.5,2016,2,VALIDATION_REJECTED|SOURCE_DIFFERENCE,0,0,0,0,2,2,0,0,2,False,,a26edf3fc8b4c01e792b149846af71570cb454f476640203b2ec8550fc2868e0|fee182d9670d9e2adb3f5676a1dbac37f073e107ed9dd31b43d1ffcccf8513da,2026-10-05T05:48:48.438053Z plan=a26edf3fc8b4c01e792b149846af71570cb454f476640203b2ec8550fc2868e0 journal:2625（補正の前の入力） VALIDATION_REJECTED×2 ; 2026-10-06T09:36:16.840957Z plan=fee182d9670d9e2adb3f5676a1dbac37f073e107ed9dd31b43d1ffcccf8513da refill:5b6e8d1065617f1aec088c8e16d95f52872a6316e7014c051cac58da29771af6 SOURCE_DIFFERENCE×2
AUDJPY,15m@v1,2016-12-26T07:00Z,2016-12-26T23:00Z,16.0,2016,64,NOT_FETCHED|VALIDATION_REJECTED|SOURCE_DIFFERENCE,4,0,0,0,60,64,0,0,64,True,1,a26edf3fc8b4c01e792b149846af71570cb454f476640203b2ec8550fc2868e0|fee182d9670d9e2adb3f5676a1dbac37f073e107ed9dd31b43d1ffcccf8513da,2026-10-05T05:48:48.438053Z plan=a26edf3fc8b4c01e792b149846af71570cb454f476640203b2ec8550fc2868e0 journal:2625（補正の前の入力） NOT_FETCHED×4 ; 2026-10-05T05:48:48.438053Z plan=a26edf3fc8b4c01e792b149846af71570cb454f476640203b2ec8550fc2868e0 journal:2625（補正の前の入力） VALIDATION_REJECTED×60 ; 2026-10-06T09:36:16.840957Z plan=fee182d9670d9e2adb3f5676a1dbac37f073e107ed9dd31b43d1ffcccf8513da refill:5b6e8d1065617f1aec088c8e16d95f52872a6316e7014c051cac58da29771af6 SOURCE_DIFFERENCE×64
AUDJPY,15m@v1,2017-01-01T22:00Z,2017-01-02T07:00Z,9.0,2017,36,UNRECONCILED,0,0,36,0,0,0,0,0,36,True,2,a26edf3fc8b4c01e792b149846af71570cb454f476640203b2ec8550fc2868e0|fee182d9670d9e2adb3f5676a1dbac37f073e107ed9dd31b43d1ffcccf8513da,2026-10-05T05:48:48.438053Z plan=a26edf3fc8b4c01e792b149846af71570cb454f476640203b2ec8550fc2868e0 journal:2625（補正の前の入力） UNRECONCILED（原因 NO_RECONCILIATION_BAR）×36 ; 2026-10-06T09:36:16.840957Z plan=fee182d9670d9e2adb3f5676a1dbac37f073e107ed9dd31b43d1ffcccf8513da refill:5b6e8d1065617f1aec088c8e16d95f52872a6316e7014c051cac58da29771af6 UNRECONCILED（原因 NO_RECONCILIATION_BAR）×36
AUDJPY,15m@v1,2019-05-26T21:00Z,2019-05-27T00:00Z,3.0,2019,12,UNRECONCILED,0,0,12,0,0,0,0,0,12,False,,a26edf3fc8b4c01e792b149846af71570cb454f476640203b2ec8550fc2868e0|fee182d9670d9e2adb3f5676a1dbac37f073e107ed9dd31b43d1ffcccf8513da,2026-10-05T05:48:48.438053Z plan=a26edf3fc8b4c01e792b149846af71570cb454f476640203b2ec8550fc2868e0 journal:2625（補正の前の入力） UNRECONCILED（原因 NO_RECONCILIATION_BAR）×12 ; 2026-10-06T09:36:16.840957Z plan=fee182d9670d9e2adb3f5676a1dbac37f073e107ed9dd31b43d1ffcccf8513da refill:5b6e8d1065617f1aec088c8e16d95f52872a6316e7014c051cac58da29771af6 UNRECONCILED（原因 NO_RECONCILIATION_BAR）×12
AUDJPY,15m@v1,2019-12-24T22:00Z,2019-12-24T22:45Z,0.75,2019,3,PROVIDER_NO_TICKS,0,3,0,0,0,0,0,0,3,False,,a26edf3fc8b4c01e792b149846af71570cb454f476640203b2ec8550fc2868e0|fee182d9670d9e2adb3f5676a1dbac37f073e107ed9dd31b43d1ffcccf8513da,2026-10-05T05:48:48.438053Z plan=a26edf3fc8b4c01e792b149846af71570cb454f476640203b2ec8550fc2868e0 journal:2625（補正の前の入力） PROVIDER_NO_TICKS×3 ; 2026-10-06T09:36:16.840957Z plan=fee182d9670d9e2adb3f5676a1dbac37f073e107ed9dd31b43d1ffcccf8513da refill:5b6e8d1065617f1aec088c8e16d95f52872a6316e7014c051cac58da29771af6 PROVIDER_NO_TICKS×3
AUDJPY,15m@v1,2019-12-25T08:00Z,2019-12-25T09:00Z,1.0,2019,4,PROVIDER_NO_TICKS,0,4,0,0,0,0,0,0,4,False,,a26edf3fc8b4c01e792b149846af71570cb454f476640203b2ec8550fc2868e0|fee182d9670d9e2adb3f5676a1dbac37f073e107ed9dd31b43d1ffcccf8513da,2026-10-05T05:48:48.438053Z plan=a26edf3fc8b4c01e792b149846af71570cb454f476640203b2ec8550fc2868e0 journal:2625（補正の前の入力） PROVIDER_NO_TICKS×4 ; 2026-10-06T09:36:16.840957Z plan=fee182d9670d9e2adb3f5676a1dbac37f073e107ed9dd31b43d1ffcccf8513da refill:5b6e8d1065617f1aec088c8e16d95f52872a6316e7014c051cac58da29771af6 PROVIDER_NO_TICKS×4
AUDJPY,15m@v1,2022-06-26T21:00Z,2022-06-26T21:30Z,0.5,2022,2,PROVIDER_NO_TICKS,0,2,0,0,0,0,0,0,2,False,,a26edf3fc8b4c01e792b149846af71570cb454f476640203b2ec8550fc2868e0|fee182d9670d9e2adb3f5676a1dbac37f073e107ed9dd31b43d1ffcccf8513da,2026-10-05T05:48:48.438053Z plan=a26edf3fc8b4c01e792b149846af71570cb454f476640203b2ec8550fc2868e0 journal:2625（補正の前の入力） PROVIDER_NO_TICKS×2 ; 2026-10-06T09:36:16.840957Z plan=fee182d9670d9e2adb3f5676a1dbac37f073e107ed9dd31b43d1ffcccf8513da refill:5b6e8d1065617f1aec088c8e16d95f52872a6316e7014c051cac58da29771af6 PROVIDER_NO_TICKS×2
AUDJPY,15m@v1,2022-12-25T22:00Z,2022-12-25T23:00Z,1.0,2022,4,UNRECONCILED,0,0,4,0,0,0,0,0,4,False,,a26edf3fc8b4c01e792b149846af71570cb454f476640203b2ec8550fc2868e0|fee182d9670d9e2adb3f5676a1dbac37f073e107ed9dd31b43d1ffcccf8513da,2026-10-05T05:48:48.438053Z plan=a26edf3fc8b4c01e792b149846af71570cb454f476640203b2ec8550fc2868e0 journal:2625（補正の前の入力） UNRECONCILED（原因 NO_RECONCILIATION_BAR）×4 ; 2026-10-06T09:36:16.840957Z plan=fee182d9670d9e2adb3f5676a1dbac37f073e107ed9dd31b43d1ffcccf8513da refill:5b6e8d1065617f1aec088c8e16d95f52872a6316e7014c051cac58da29771af6 UNRECONCILED（原因 NO_RECONCILIATION_BAR）×4
AUDJPY,15m@v1,2023-01-01T22:00Z,2023-01-01T22:30Z,0.5,2023,2,PROVIDER_NO_TICKS,0,2,0,0,0,0,0,0,2,False,,a26edf3fc8b4c01e792b149846af71570cb454f476640203b2ec8550fc2868e0|fee182d9670d9e2adb3f5676a1dbac37f073e107ed9dd31b43d1ffcccf8513da,2026-10-05T05:48:48.438053Z plan=a26edf3fc8b4c01e792b149846af71570cb454f476640203b2ec8550fc2868e0 journal:2625（補正の前の入力） PROVIDER_NO_TICKS×2 ; 2026-10-06T09:36:16.840957Z plan=fee182d9670d9e2adb3f5676a1dbac37f073e107ed9dd31b43d1ffcccf8513da refill:5b6e8d1065617f1aec088c8e16d95f52872a6316e7014c051cac58da29771af6 PROVIDER_NO_TICKS×2
AUDJPY,15m@v1,2023-01-01T22:45Z,2023-01-01T23:30Z,0.75,2023,3,PROVIDER_NO_TICKS,0,3,0,0,0,0,0,0,3,False,,a26edf3fc8b4c01e792b149846af71570cb454f476640203b2ec8550fc2868e0|fee182d9670d9e2adb3f5676a1dbac37f073e107ed9dd31b43d1ffcccf8513da,2026-10-05T05:48:48.438053Z plan=a26edf3fc8b4c01e792b149846af71570cb454f476640203b2ec8550fc2868e0 journal:2625（補正の前の入力） PROVIDER_NO_TICKS×3 ; 2026-10-06T09:36:16.840957Z plan=fee182d9670d9e2adb3f5676a1dbac37f073e107ed9dd31b43d1ffcccf8513da refill:5b6e8d1065617f1aec088c8e16d95f52872a6316e7014c051cac58da29771af6 PROVIDER_NO_TICKS×3
AUDJPY,15m@v1,2023-01-02T22:00Z,2023-01-02T22:15Z,0.25,2023,1,PROVIDER_NO_TICKS,0,1,0,0,0,0,0,0,1,False,,a26edf3fc8b4c01e792b149846af71570cb454f476640203b2ec8550fc2868e0|fee182d9670d9e2adb3f5676a1dbac37f073e107ed9dd31b43d1ffcccf8513da,2026-10-05T05:48:48.438053Z plan=a26edf3fc8b4c01e792b149846af71570cb454f476640203b2ec8550fc2868e0 journal:2625（補正の前の入力） PROVIDER_NO_TICKS×1 ; 2026-10-06T09:36:16.840957Z plan=fee182d9670d9e2adb3f5676a1dbac37f073e107ed9dd31b43d1ffcccf8513da refill:5b6e8d1065617f1aec088c8e16d95f52872a6316e7014c051cac58da29771af6 PROVIDER_NO_TICKS×1
AUDJPY,15m@v1,2023-09-25T10:15Z,2023-09-25T11:00Z,0.75,2023,3,PROVIDER_NO_TICKS,0,3,0,0,0,0,0,0,3,False,,a26edf3fc8b4c01e792b149846af71570cb454f476640203b2ec8550fc2868e0|fee182d9670d9e2adb3f5676a1dbac37f073e107ed9dd31b43d1ffcccf8513da,2026-10-05T05:48:48.438053Z plan=a26edf3fc8b4c01e792b149846af71570cb454f476640203b2ec8550fc2868e0 journal:2625（補正の前の入力） PROVIDER_NO_TICKS×3 ; 2026-10-06T09:36:16.840957Z plan=fee182d9670d9e2adb3f5676a1dbac37f073e107ed9dd31b43d1ffcccf8513da refill:5b6e8d1065617f1aec088c8e16d95f52872a6316e7014c051cac58da29771af6 PROVIDER_NO_TICKS×3
AUDJPY,15m@v1,2023-12-24T22:00Z,2023-12-25T00:00Z,2.0,2023,8,PROVIDER_NO_TICKS,0,8,0,0,0,0,0,0,8,False,,a26edf3fc8b4c01e792b149846af71570cb454f476640203b2ec8550fc2868e0|fee182d9670d9e2adb3f5676a1dbac37f073e107ed9dd31b43d1ffcccf8513da,2026-10-05T05:48:48.438053Z plan=a26edf3fc8b4c01e792b149846af71570cb454f476640203b2ec8550fc2868e0 journal:2625（補正の前の入力） PROVIDER_NO_TICKS×8 ; 2026-10-06T09:36:16.840957Z plan=fee182d9670d9e2adb3f5676a1dbac37f073e107ed9dd31b43d1ffcccf8513da refill:5b6e8d1065617f1aec088c8e16d95f52872a6316e7014c051cac58da29771af6 PROVIDER_NO_TICKS×8
AUDJPY,15m@v1,2023-12-25T00:15Z,2023-12-25T00:30Z,0.25,2023,1,PROVIDER_NO_TICKS,0,1,0,0,0,0,0,0,1,False,,a26edf3fc8b4c01e792b149846af71570cb454f476640203b2ec8550fc2868e0|fee182d9670d9e2adb3f5676a1dbac37f073e107ed9dd31b43d1ffcccf8513da,2026-10-05T05:48:48.438053Z plan=a26edf3fc8b4c01e792b149846af71570cb454f476640203b2ec8550fc2868e0 journal:2625（補正の前の入力） PROVIDER_NO_TICKS×1 ; 2026-10-06T09:36:16.840957Z plan=fee182d9670d9e2adb3f5676a1dbac37f073e107ed9dd31b43d1ffcccf8513da refill:5b6e8d1065617f1aec088c8e16d95f52872a6316e7014c051cac58da29771af6 PROVIDER_NO_TICKS×1
AUDJPY,15m@v1,2023-12-25T07:45Z,2023-12-25T08:00Z,0.25,2023,1,PROVIDER_NO_TICKS,0,1,0,0,0,0,0,0,1,False,,a26edf3fc8b4c01e792b149846af71570cb454f476640203b2ec8550fc2868e0|fee182d9670d9e2adb3f5676a1dbac37f073e107ed9dd31b43d1ffcccf8513da,2026-10-05T05:48:48.438053Z plan=a26edf3fc8b4c01e792b149846af71570cb454f476640203b2ec8550fc2868e0 journal:2625（補正の前の入力） PROVIDER_NO_TICKS×1 ; 2026-10-06T09:36:16.840957Z plan=fee182d9670d9e2adb3f5676a1dbac37f073e107ed9dd31b43d1ffcccf8513da refill:5b6e8d1065617f1aec088c8e16d95f52872a6316e7014c051cac58da29771af6 PROVIDER_NO_TICKS×1
AUDJPY,15m@v1,2023-12-25T22:15Z,2023-12-25T22:30Z,0.25,2023,1,PROVIDER_NO_TICKS,0,1,0,0,0,0,0,0,1,False,,a26edf3fc8b4c01e792b149846af71570cb454f476640203b2ec8550fc2868e0|fee182d9670d9e2adb3f5676a1dbac37f073e107ed9dd31b43d1ffcccf8513da,2026-10-05T05:48:48.438053Z plan=a26edf3fc8b4c01e792b149846af71570cb454f476640203b2ec8550fc2868e0 journal:2625（補正の前の入力） PROVIDER_NO_TICKS×1 ; 2026-10-06T09:36:16.840957Z plan=fee182d9670d9e2adb3f5676a1dbac37f073e107ed9dd31b43d1ffcccf8513da refill:5b6e8d1065617f1aec088c8e16d95f52872a6316e7014c051cac58da29771af6 PROVIDER_NO_TICKS×1
AUDJPY,1h@v1,2016-12-26T07:00Z,2016-12-26T23:00Z,16.0,2016,16,NOT_FETCHED|VALIDATION_REJECTED|SOURCE_DIFFERENCE,1,0,0,0,15,16,0,0,16,True,1,a26edf3fc8b4c01e792b149846af71570cb454f476640203b2ec8550fc2868e0|fee182d9670d9e2adb3f5676a1dbac37f073e107ed9dd31b43d1ffcccf8513da,2026-10-05T05:48:48.438053Z plan=a26edf3fc8b4c01e792b149846af71570cb454f476640203b2ec8550fc2868e0 journal:2625（補正の前の入力） NOT_FETCHED×1 ; 2026-10-05T05:48:48.438053Z plan=a26edf3fc8b4c01e792b149846af71570cb454f476640203b2ec8550fc2868e0 journal:2625（補正の前の入力） VALIDATION_REJECTED×15 ; 2026-10-06T09:36:16.840957Z plan=fee182d9670d9e2adb3f5676a1dbac37f073e107ed9dd31b43d1ffcccf8513da refill:5b6e8d1065617f1aec088c8e16d95f52872a6316e7014c051cac58da29771af6 SOURCE_DIFFERENCE×16
AUDJPY,1h@v1,2017-01-01T22:00Z,2017-01-02T07:00Z,9.0,2017,9,UNRECONCILED,0,0,9,0,0,0,0,0,9,True,2,a26edf3fc8b4c01e792b149846af71570cb454f476640203b2ec8550fc2868e0|fee182d9670d9e2adb3f5676a1dbac37f073e107ed9dd31b43d1ffcccf8513da,2026-10-05T05:48:48.438053Z plan=a26edf3fc8b4c01e792b149846af71570cb454f476640203b2ec8550fc2868e0 journal:2625（補正の前の入力） UNRECONCILED（原因 NO_RECONCILIATION_BAR）×9 ; 2026-10-06T09:36:16.840957Z plan=fee182d9670d9e2adb3f5676a1dbac37f073e107ed9dd31b43d1ffcccf8513da refill:5b6e8d1065617f1aec088c8e16d95f52872a6316e7014c051cac58da29771af6 UNRECONCILED（原因 NO_RECONCILIATION_BAR）×9
AUDJPY,1h@v1,2019-05-26T21:00Z,2019-05-27T00:00Z,3.0,2019,3,UNRECONCILED,0,0,3,0,0,0,0,0,3,False,,a26edf3fc8b4c01e792b149846af71570cb454f476640203b2ec8550fc2868e0|fee182d9670d9e2adb3f5676a1dbac37f073e107ed9dd31b43d1ffcccf8513da,2026-10-05T05:48:48.438053Z plan=a26edf3fc8b4c01e792b149846af71570cb454f476640203b2ec8550fc2868e0 journal:2625（補正の前の入力） UNRECONCILED（原因 NO_RECONCILIATION_BAR）×3 ; 2026-10-06T09:36:16.840957Z plan=fee182d9670d9e2adb3f5676a1dbac37f073e107ed9dd31b43d1ffcccf8513da refill:5b6e8d1065617f1aec088c8e16d95f52872a6316e7014c051cac58da29771af6 UNRECONCILED（原因 NO_RECONCILIATION_BAR）×3
AUDJPY,1h@v1,2019-12-25T08:00Z,2019-12-25T09:00Z,1.0,2019,1,PROVIDER_NO_TICKS,0,1,0,0,0,0,0,0,1,False,,a26edf3fc8b4c01e792b149846af71570cb454f476640203b2ec8550fc2868e0|fee182d9670d9e2adb3f5676a1dbac37f073e107ed9dd31b43d1ffcccf8513da,2026-10-05T05:48:48.438053Z plan=a26edf3fc8b4c01e792b149846af71570cb454f476640203b2ec8550fc2868e0 journal:2625（補正の前の入力） PROVIDER_NO_TICKS×1 ; 2026-10-06T09:36:16.840957Z plan=fee182d9670d9e2adb3f5676a1dbac37f073e107ed9dd31b43d1ffcccf8513da refill:5b6e8d1065617f1aec088c8e16d95f52872a6316e7014c051cac58da29771af6 PROVIDER_NO_TICKS×1
AUDJPY,1h@v1,2022-12-25T22:00Z,2022-12-25T23:00Z,1.0,2022,1,UNRECONCILED,0,0,1,0,0,0,0,0,1,False,,a26edf3fc8b4c01e792b149846af71570cb454f476640203b2ec8550fc2868e0|fee182d9670d9e2adb3f5676a1dbac37f073e107ed9dd31b43d1ffcccf8513da,2026-10-05T05:48:48.438053Z plan=a26edf3fc8b4c01e792b149846af71570cb454f476640203b2ec8550fc2868e0 journal:2625（補正の前の入力） UNRECONCILED（原因 NO_RECONCILIATION_BAR）×1 ; 2026-10-06T09:36:16.840957Z plan=fee182d9670d9e2adb3f5676a1dbac37f073e107ed9dd31b43d1ffcccf8513da refill:5b6e8d1065617f1aec088c8e16d95f52872a6316e7014c051cac58da29771af6 UNRECONCILED（原因 NO_RECONCILIATION_BAR）×1
AUDJPY,1h@v1,2023-12-24T22:00Z,2023-12-25T00:00Z,2.0,2023,2,PROVIDER_NO_TICKS,0,2,0,0,0,0,0,0,2,False,,a26edf3fc8b4c01e792b149846af71570cb454f476640203b2ec8550fc2868e0|fee182d9670d9e2adb3f5676a1dbac37f073e107ed9dd31b43d1ffcccf8513da,2026-10-05T05:48:48.438053Z plan=a26edf3fc8b4c01e792b149846af71570cb454f476640203b2ec8550fc2868e0 journal:2625（補正の前の入力） PROVIDER_NO_TICKS×2 ; 2026-10-06T09:36:16.840957Z plan=fee182d9670d9e2adb3f5676a1dbac37f073e107ed9dd31b43d1ffcccf8513da refill:5b6e8d1065617f1aec088c8e16d95f52872a6316e7014c051cac58da29771af6 PROVIDER_NO_TICKS×2
AUDUSD,15m@v1,2016-12-25T22:15Z,2016-12-25T22:30Z,0.25,2016,1,VALIDATION_REJECTED|SOURCE_DIFFERENCE,0,0,0,0,1,1,0,0,1,False,,a26edf3fc8b4c01e792b149846af71570cb454f476640203b2ec8550fc2868e0|fee182d9670d9e2adb3f5676a1dbac37f073e107ed9dd31b43d1ffcccf8513da,2026-10-05T05:48:48.438053Z plan=a26edf3fc8b4c01e792b149846af71570cb454f476640203b2ec8550fc2868e0 journal:2625（補正の前の入力） VALIDATION_REJECTED×1 ; 2026-10-06T09:36:16.840957Z plan=fee182d9670d9e2adb3f5676a1dbac37f073e107ed9dd31b43d1ffcccf8513da refill:5b6e8d1065617f1aec088c8e16d95f52872a6316e7014c051cac58da29771af6 SOURCE_DIFFERENCE×1
AUDUSD,15m@v1,2016-12-26T07:15Z,2016-12-26T23:00Z,15.75,2016,63,VALIDATION_REJECTED|SOURCE_DIFFERENCE,0,0,0,0,63,63,0,0,63,True,1,a26edf3fc8b4c01e792b149846af71570cb454f476640203b2ec8550fc2868e0|fee182d9670d9e2adb3f5676a1dbac37f073e107ed9dd31b43d1ffcccf8513da,2026-10-05T05:48:48.438053Z plan=a26edf3fc8b4c01e792b149846af71570cb454f476640203b2ec8550fc2868e0 journal:2625（補正の前の入力） VALIDATION_REJECTED×63 ; 2026-10-06T09:36:16.840957Z plan=fee182d9670d9e2adb3f5676a1dbac37f073e107ed9dd31b43d1ffcccf8513da refill:5b6e8d1065617f1aec088c8e16d95f52872a6316e7014c051cac58da29771af6 SOURCE_DIFFERENCE×63
AUDUSD,15m@v1,2017-01-01T22:00Z,2017-01-02T07:00Z,9.0,2017,36,UNRECONCILED,0,0,36,0,0,0,0,0,36,True,2,a26edf3fc8b4c01e792b149846af71570cb454f476640203b2ec8550fc2868e0|fee182d9670d9e2adb3f5676a1dbac37f073e107ed9dd31b43d1ffcccf8513da,2026-10-05T05:48:48.438053Z plan=a26edf3fc8b4c01e792b149846af71570cb454f476640203b2ec8550fc2868e0 journal:2625（補正の前の入力） UNRECONCILED（原因 NO_RECONCILIATION_BAR）×36 ; 2026-10-06T09:36:16.840957Z plan=fee182d9670d9e2adb3f5676a1dbac37f073e107ed9dd31b43d1ffcccf8513da refill:5b6e8d1065617f1aec088c8e16d95f52872a6316e7014c051cac58da29771af6 UNRECONCILED（原因 NO_RECONCILIATION_BAR）×36
AUDUSD,15m@v1,2019-05-26T21:00Z,2019-05-27T09:00Z,12.0,2019,48,UNRECONCILED,0,0,48,0,0,0,0,0,48,False,,a26edf3fc8b4c01e792b149846af71570cb454f476640203b2ec8550fc2868e0|fee182d9670d9e2adb3f5676a1dbac37f073e107ed9dd31b43d1ffcccf8513da,2026-10-05T05:48:48.438053Z plan=a26edf3fc8b4c01e792b149846af71570cb454f476640203b2ec8550fc2868e0 journal:2625（補正の前の入力） UNRECONCILED（原因 NO_RECONCILIATION_BAR）×48 ; 2026-10-06T09:36:16.840957Z plan=fee182d9670d9e2adb3f5676a1dbac37f073e107ed9dd31b43d1ffcccf8513da refill:5b6e8d1065617f1aec088c8e16d95f52872a6316e7014c051cac58da29771af6 UNRECONCILED（原因 NO_RECONCILIATION_BAR）×48
AUDUSD,15m@v1,2019-12-24T22:00Z,2019-12-24T22:45Z,0.75,2019,3,PROVIDER_NO_TICKS,0,3,0,0,0,0,0,0,3,False,,a26edf3fc8b4c01e792b149846af71570cb454f476640203b2ec8550fc2868e0|fee182d9670d9e2adb3f5676a1dbac37f073e107ed9dd31b43d1ffcccf8513da,2026-10-05T05:48:48.438053Z plan=a26edf3fc8b4c01e792b149846af71570cb454f476640203b2ec8550fc2868e0 journal:2625（補正の前の入力） PROVIDER_NO_TICKS×3 ; 2026-10-06T09:36:16.840957Z plan=fee182d9670d9e2adb3f5676a1dbac37f073e107ed9dd31b43d1ffcccf8513da refill:5b6e8d1065617f1aec088c8e16d95f52872a6316e7014c051cac58da29771af6 PROVIDER_NO_TICKS×3
AUDUSD,15m@v1,2019-12-25T08:00Z,2019-12-25T09:00Z,1.0,2019,4,PROVIDER_NO_TICKS,0,4,0,0,0,0,0,0,4,False,,a26edf3fc8b4c01e792b149846af71570cb454f476640203b2ec8550fc2868e0|fee182d9670d9e2adb3f5676a1dbac37f073e107ed9dd31b43d1ffcccf8513da,2026-10-05T05:48:48.438053Z plan=a26edf3fc8b4c01e792b149846af71570cb454f476640203b2ec8550fc2868e0 journal:2625（補正の前の入力） PROVIDER_NO_TICKS×4 ; 2026-10-06T09:36:16.840957Z plan=fee182d9670d9e2adb3f5676a1dbac37f073e107ed9dd31b43d1ffcccf8513da refill:5b6e8d1065617f1aec088c8e16d95f52872a6316e7014c051cac58da29771af6 PROVIDER_NO_TICKS×4
AUDUSD,15m@v1,2020-12-24T22:30Z,2020-12-24T22:45Z,0.25,2020,1,PROVIDER_NO_TICKS,0,1,0,0,0,0,0,0,1,False,,a26edf3fc8b4c01e792b149846af71570cb454f476640203b2ec8550fc2868e0|fee182d9670d9e2adb3f5676a1dbac37f073e107ed9dd31b43d1ffcccf8513da,2026-10-05T05:48:48.438053Z plan=a26edf3fc8b4c01e792b149846af71570cb454f476640203b2ec8550fc2868e0 journal:2625（補正の前の入力） PROVIDER_NO_TICKS×1 ; 2026-10-06T09:36:16.840957Z plan=fee182d9670d9e2adb3f5676a1dbac37f073e107ed9dd31b43d1ffcccf8513da refill:5b6e8d1065617f1aec088c8e16d95f52872a6316e7014c051cac58da29771af6 PROVIDER_NO_TICKS×1
AUDUSD,15m@v1,2021-04-05T21:15Z,2021-04-05T21:30Z,0.25,2021,1,PROVIDER_NO_TICKS,0,1,0,0,0,0,0,0,1,False,,a26edf3fc8b4c01e792b149846af71570cb454f476640203b2ec8550fc2868e0|fee182d9670d9e2adb3f5676a1dbac37f073e107ed9dd31b43d1ffcccf8513da,2026-10-05T05:48:48.438053Z plan=a26edf3fc8b4c01e792b149846af71570cb454f476640203b2ec8550fc2868e0 journal:2625（補正の前の入力） PROVIDER_NO_TICKS×1 ; 2026-10-06T09:36:16.840957Z plan=fee182d9670d9e2adb3f5676a1dbac37f073e107ed9dd31b43d1ffcccf8513da refill:5b6e8d1065617f1aec088c8e16d95f52872a6316e7014c051cac58da29771af6 PROVIDER_NO_TICKS×1
AUDUSD,15m@v1,2022-12-25T22:15Z,2022-12-25T23:00Z,0.75,2022,3,PROVIDER_NO_TICKS,0,3,0,0,0,0,0,0,3,False,,a26edf3fc8b4c01e792b149846af71570cb454f476640203b2ec8550fc2868e0|fee182d9670d9e2adb3f5676a1dbac37f073e107ed9dd31b43d1ffcccf8513da,2026-10-05T05:48:48.438053Z plan=a26edf3fc8b4c01e792b149846af71570cb454f476640203b2ec8550fc2868e0 journal:2625（補正の前の入力） PROVIDER_NO_TICKS×3 ; 2026-10-06T09:36:16.840957Z plan=fee182d9670d9e2adb3f5676a1dbac37f073e107ed9dd31b43d1ffcccf8513da refill:5b6e8d1065617f1aec088c8e16d95f52872a6316e7014c051cac58da29771af6 PROVIDER_NO_TICKS×3
AUDUSD,15m@v1,2023-01-01T22:00Z,2023-01-01T22:30Z,0.5,2023,2,PROVIDER_NO_TICKS,0,2,0,0,0,0,0,0,2,False,,a26edf3fc8b4c01e792b149846af71570cb454f476640203b2ec8550fc2868e0|fee182d9670d9e2adb3f5676a1dbac37f073e107ed9dd31b43d1ffcccf8513da,2026-10-05T05:48:48.438053Z plan=a26edf3fc8b4c01e792b149846af71570cb454f476640203b2ec8550fc2868e0 journal:2625（補正の前の入力） PROVIDER_NO_TICKS×2 ; 2026-10-06T09:36:16.840957Z plan=fee182d9670d9e2adb3f5676a1dbac37f073e107ed9dd31b43d1ffcccf8513da refill:5b6e8d1065617f1aec088c8e16d95f52872a6316e7014c051cac58da29771af6 PROVIDER_NO_TICKS×2
AUDUSD,15m@v1,2023-09-25T10:15Z,2023-09-25T11:00Z,0.75,2023,3,PROVIDER_NO_TICKS,0,3,0,0,0,0,0,0,3,False,,a26edf3fc8b4c01e792b149846af71570cb454f476640203b2ec8550fc2868e0|fee182d9670d9e2adb3f5676a1dbac37f073e107ed9dd31b43d1ffcccf8513da,2026-10-05T05:48:48.438053Z plan=a26edf3fc8b4c01e792b149846af71570cb454f476640203b2ec8550fc2868e0 journal:2625（補正の前の入力） PROVIDER_NO_TICKS×3 ; 2026-10-06T09:36:16.840957Z plan=fee182d9670d9e2adb3f5676a1dbac37f073e107ed9dd31b43d1ffcccf8513da refill:5b6e8d1065617f1aec088c8e16d95f52872a6316e7014c051cac58da29771af6 PROVIDER_NO_TICKS×3
AUDUSD,15m@v1,2023-12-24T22:00Z,2023-12-24T23:00Z,1.0,2023,4,UNRECONCILED,0,0,4,0,0,0,0,0,4,False,,a26edf3fc8b4c01e792b149846af71570cb454f476640203b2ec8550fc2868e0|fee182d9670d9e2adb3f5676a1dbac37f073e107ed9dd31b43d1ffcccf8513da,2026-10-05T05:48:48.438053Z plan=a26edf3fc8b4c01e792b149846af71570cb454f476640203b2ec8550fc2868e0 journal:2625（補正の前の入力） UNRECONCILED（原因 NO_RECONCILIATION_BAR）×4 ; 2026-10-06T09:36:16.840957Z plan=fee182d9670d9e2adb3f5676a1dbac37f073e107ed9dd31b43d1ffcccf8513da refill:5b6e8d1065617f1aec088c8e16d95f52872a6316e7014c051cac58da29771af6 UNRECONCILED（原因 NO_RECONCILIATION_BAR）×4
AUDUSD,1h@v1,2016-12-26T08:00Z,2016-12-26T23:00Z,15.0,2016,15,VALIDATION_REJECTED|SOURCE_DIFFERENCE,0,0,0,0,15,15,0,0,15,True,1,a26edf3fc8b4c01e792b149846af71570cb454f476640203b2ec8550fc2868e0|fee182d9670d9e2adb3f5676a1dbac37f073e107ed9dd31b43d1ffcccf8513da,2026-10-05T05:48:48.438053Z plan=a26edf3fc8b4c01e792b149846af71570cb454f476640203b2ec8550fc2868e0 journal:2625（補正の前の入力） VALIDATION_REJECTED×15 ; 2026-10-06T09:36:16.840957Z plan=fee182d9670d9e2adb3f5676a1dbac37f073e107ed9dd31b43d1ffcccf8513da refill:5b6e8d1065617f1aec088c8e16d95f52872a6316e7014c051cac58da29771af6 SOURCE_DIFFERENCE×15
AUDUSD,1h@v1,2017-01-01T22:00Z,2017-01-02T07:00Z,9.0,2017,9,UNRECONCILED,0,0,9,0,0,0,0,0,9,True,2,a26edf3fc8b4c01e792b149846af71570cb454f476640203b2ec8550fc2868e0|fee182d9670d9e2adb3f5676a1dbac37f073e107ed9dd31b43d1ffcccf8513da,2026-10-05T05:48:48.438053Z plan=a26edf3fc8b4c01e792b149846af71570cb454f476640203b2ec8550fc2868e0 journal:2625（補正の前の入力） UNRECONCILED（原因 NO_RECONCILIATION_BAR）×9 ; 2026-10-06T09:36:16.840957Z plan=fee182d9670d9e2adb3f5676a1dbac37f073e107ed9dd31b43d1ffcccf8513da refill:5b6e8d1065617f1aec088c8e16d95f52872a6316e7014c051cac58da29771af6 UNRECONCILED（原因 NO_RECONCILIATION_BAR）×9
AUDUSD,1h@v1,2019-05-26T21:00Z,2019-05-27T09:00Z,12.0,2019,12,UNRECONCILED,0,0,12,0,0,0,0,0,12,False,,a26edf3fc8b4c01e792b149846af71570cb454f476640203b2ec8550fc2868e0|fee182d9670d9e2adb3f5676a1dbac37f073e107ed9dd31b43d1ffcccf8513da,2026-10-05T05:48:48.438053Z plan=a26edf3fc8b4c01e792b149846af71570cb454f476640203b2ec8550fc2868e0 journal:2625（補正の前の入力） UNRECONCILED（原因 NO_RECONCILIATION_BAR）×12 ; 2026-10-06T09:36:16.840957Z plan=fee182d9670d9e2adb3f5676a1dbac37f073e107ed9dd31b43d1ffcccf8513da refill:5b6e8d1065617f1aec088c8e16d95f52872a6316e7014c051cac58da29771af6 UNRECONCILED（原因 NO_RECONCILIATION_BAR）×12
AUDUSD,1h@v1,2019-12-25T08:00Z,2019-12-25T09:00Z,1.0,2019,1,PROVIDER_NO_TICKS,0,1,0,0,0,0,0,0,1,False,,a26edf3fc8b4c01e792b149846af71570cb454f476640203b2ec8550fc2868e0|fee182d9670d9e2adb3f5676a1dbac37f073e107ed9dd31b43d1ffcccf8513da,2026-10-05T05:48:48.438053Z plan=a26edf3fc8b4c01e792b149846af71570cb454f476640203b2ec8550fc2868e0 journal:2625（補正の前の入力） PROVIDER_NO_TICKS×1 ; 2026-10-06T09:36:16.840957Z plan=fee182d9670d9e2adb3f5676a1dbac37f073e107ed9dd31b43d1ffcccf8513da refill:5b6e8d1065617f1aec088c8e16d95f52872a6316e7014c051cac58da29771af6 PROVIDER_NO_TICKS×1
AUDUSD,1h@v1,2023-12-24T22:00Z,2023-12-24T23:00Z,1.0,2023,1,UNRECONCILED,0,0,1,0,0,0,0,0,1,False,,a26edf3fc8b4c01e792b149846af71570cb454f476640203b2ec8550fc2868e0|fee182d9670d9e2adb3f5676a1dbac37f073e107ed9dd31b43d1ffcccf8513da,2026-10-05T05:48:48.438053Z plan=a26edf3fc8b4c01e792b149846af71570cb454f476640203b2ec8550fc2868e0 journal:2625（補正の前の入力） UNRECONCILED（原因 NO_RECONCILIATION_BAR）×1 ; 2026-10-06T09:36:16.840957Z plan=fee182d9670d9e2adb3f5676a1dbac37f073e107ed9dd31b43d1ffcccf8513da refill:5b6e8d1065617f1aec088c8e16d95f52872a6316e7014c051cac58da29771af6 UNRECONCILED（原因 NO_RECONCILIATION_BAR）×1
EURGBP,15m@v1,2016-12-25T22:00Z,2016-12-25T22:30Z,0.5,2016,2,VALIDATION_REJECTED|SOURCE_DIFFERENCE,0,0,0,0,2,2,0,0,2,False,,a26edf3fc8b4c01e792b149846af71570cb454f476640203b2ec8550fc2868e0|fee182d9670d9e2adb3f5676a1dbac37f073e107ed9dd31b43d1ffcccf8513da,2026-10-05T05:48:48.438053Z plan=a26edf3fc8b4c01e792b149846af71570cb454f476640203b2ec8550fc2868e0 journal:2625（補正の前の入力） VALIDATION_REJECTED×2 ; 2026-10-06T09:36:16.840957Z plan=fee182d9670d9e2adb3f5676a1dbac37f073e107ed9dd31b43d1ffcccf8513da refill:5b6e8d1065617f1aec088c8e16d95f52872a6316e7014c051cac58da29771af6 SOURCE_DIFFERENCE×2
EURGBP,15m@v1,2016-12-26T07:15Z,2016-12-26T23:00Z,15.75,2016,63,NOT_FETCHED|VALIDATION_REJECTED|SOURCE_DIFFERENCE,4,0,0,0,59,63,0,0,63,True,1,a26edf3fc8b4c01e792b149846af71570cb454f476640203b2ec8550fc2868e0|fee182d9670d9e2adb3f5676a1dbac37f073e107ed9dd31b43d1ffcccf8513da,2026-10-05T05:48:48.438053Z plan=a26edf3fc8b4c01e792b149846af71570cb454f476640203b2ec8550fc2868e0 journal:2625（補正の前の入力） NOT_FETCHED×4 ; 2026-10-05T05:48:48.438053Z plan=a26edf3fc8b4c01e792b149846af71570cb454f476640203b2ec8550fc2868e0 journal:2625（補正の前の入力） VALIDATION_REJECTED×59 ; 2026-10-06T09:36:16.840957Z plan=fee182d9670d9e2adb3f5676a1dbac37f073e107ed9dd31b43d1ffcccf8513da refill:5b6e8d1065617f1aec088c8e16d95f52872a6316e7014c051cac58da29771af6 SOURCE_DIFFERENCE×63
EURGBP,15m@v1,2017-01-01T22:00Z,2017-01-02T07:00Z,9.0,2017,36,UNRECONCILED,0,0,36,0,0,0,0,0,36,True,2,a26edf3fc8b4c01e792b149846af71570cb454f476640203b2ec8550fc2868e0|fee182d9670d9e2adb3f5676a1dbac37f073e107ed9dd31b43d1ffcccf8513da,2026-10-05T05:48:48.438053Z plan=a26edf3fc8b4c01e792b149846af71570cb454f476640203b2ec8550fc2868e0 journal:2625（補正の前の入力） UNRECONCILED（原因 NO_RECONCILIATION_BAR）×36 ; 2026-10-06T09:36:16.840957Z plan=fee182d9670d9e2adb3f5676a1dbac37f073e107ed9dd31b43d1ffcccf8513da refill:5b6e8d1065617f1aec088c8e16d95f52872a6316e7014c051cac58da29771af6 UNRECONCILED（原因 NO_RECONCILIATION_BAR）×36
EURGBP,15m@v1,2018-12-30T22:00Z,2018-12-31T00:00Z,2.0,2018,8,UNRECONCILED,0,0,8,0,0,0,0,0,8,False,,a26edf3fc8b4c01e792b149846af71570cb454f476640203b2ec8550fc2868e0|fee182d9670d9e2adb3f5676a1dbac37f073e107ed9dd31b43d1ffcccf8513da,2026-10-05T05:48:48.438053Z plan=a26edf3fc8b4c01e792b149846af71570cb454f476640203b2ec8550fc2868e0 journal:2625（補正の前の入力） UNRECONCILED（原因 NO_RECONCILIATION_BAR）×8 ; 2026-10-06T09:36:16.840957Z plan=fee182d9670d9e2adb3f5676a1dbac37f073e107ed9dd31b43d1ffcccf8513da refill:5b6e8d1065617f1aec088c8e16d95f52872a6316e7014c051cac58da29771af6 UNRECONCILED（原因 NO_RECONCILIATION_BAR）×8
EURGBP,15m@v1,2019-05-26T21:00Z,2019-05-27T10:00Z,13.0,2019,52,UNRECONCILED,0,0,52,0,0,0,0,0,52,False,,a26edf3fc8b4c01e792b149846af71570cb454f476640203b2ec8550fc2868e0|fee182d9670d9e2adb3f5676a1dbac37f073e107ed9dd31b43d1ffcccf8513da,2026-10-05T05:48:48.438053Z plan=a26edf3fc8b4c01e792b149846af71570cb454f476640203b2ec8550fc2868e0 journal:2625（補正の前の入力） UNRECONCILED（原因 NO_RECONCILIATION_BAR）×52 ; 2026-10-06T09:36:16.840957Z plan=fee182d9670d9e2adb3f5676a1dbac37f073e107ed9dd31b43d1ffcccf8513da refill:5b6e8d1065617f1aec088c8e16d95f52872a6316e7014c051cac58da29771af6 UNRECONCILED（原因 NO_RECONCILIATION_BAR）×52
EURGBP,15m@v1,2019-12-24T22:00Z,2019-12-24T22:45Z,0.75,2019,3,PROVIDER_NO_TICKS,0,3,0,0,0,0,0,0,3,False,,a26edf3fc8b4c01e792b149846af71570cb454f476640203b2ec8550fc2868e0|fee182d9670d9e2adb3f5676a1dbac37f073e107ed9dd31b43d1ffcccf8513da,2026-10-05T05:48:48.438053Z plan=a26edf3fc8b4c01e792b149846af71570cb454f476640203b2ec8550fc2868e0 journal:2625（補正の前の入力） PROVIDER_NO_TICKS×3 ; 2026-10-06T09:36:16.840957Z plan=fee182d9670d9e2adb3f5676a1dbac37f073e107ed9dd31b43d1ffcccf8513da refill:5b6e8d1065617f1aec088c8e16d95f52872a6316e7014c051cac58da29771af6 PROVIDER_NO_TICKS×3
EURGBP,15m@v1,2019-12-25T08:00Z,2019-12-25T09:00Z,1.0,2019,4,PROVIDER_NO_TICKS,0,4,0,0,0,0,0,0,4,False,,a26edf3fc8b4c01e792b149846af71570cb454f476640203b2ec8550fc2868e0|fee182d9670d9e2adb3f5676a1dbac37f073e107ed9dd31b43d1ffcccf8513da,2026-10-05T05:48:48.438053Z plan=a26edf3fc8b4c01e792b149846af71570cb454f476640203b2ec8550fc2868e0 journal:2625（補正の前の入力） PROVIDER_NO_TICKS×4 ; 2026-10-06T09:36:16.840957Z plan=fee182d9670d9e2adb3f5676a1dbac37f073e107ed9dd31b43d1ffcccf8513da refill:5b6e8d1065617f1aec088c8e16d95f52872a6316e7014c051cac58da29771af6 PROVIDER_NO_TICKS×4
EURGBP,15m@v1,2020-03-29T21:45Z,2020-03-29T22:00Z,0.25,2020,1,PROVIDER_NO_TICKS,0,1,0,0,0,0,0,0,1,False,,a26edf3fc8b4c01e792b149846af71570cb454f476640203b2ec8550fc2868e0|fee182d9670d9e2adb3f5676a1dbac37f073e107ed9dd31b43d1ffcccf8513da,2026-10-05T05:48:48.438053Z plan=a26edf3fc8b4c01e792b149846af71570cb454f476640203b2ec8550fc2868e0 journal:2625（補正の前の入力） PROVIDER_NO_TICKS×1 ; 2026-10-06T09:36:16.840957Z plan=fee182d9670d9e2adb3f5676a1dbac37f073e107ed9dd31b43d1ffcccf8513da refill:5b6e8d1065617f1aec088c8e16d95f52872a6316e7014c051cac58da29771af6 PROVIDER_NO_TICKS×1
EURGBP,15m@v1,2020-12-24T23:30Z,2020-12-24T23:45Z,0.25,2020,1,NOT_FETCHED|PROVIDER_NO_TICKS,1,1,0,0,0,0,0,0,1,False,,a26edf3fc8b4c01e792b149846af71570cb454f476640203b2ec8550fc2868e0|fee182d9670d9e2adb3f5676a1dbac37f073e107ed9dd31b43d1ffcccf8513da,2026-10-05T05:48:48.438053Z plan=a26edf3fc8b4c01e792b149846af71570cb454f476640203b2ec8550fc2868e0 journal:2625（補正の前の入力） NOT_FETCHED×1 ; 2026-10-06T09:36:16.840957Z plan=fee182d9670d9e2adb3f5676a1dbac37f073e107ed9dd31b43d1ffcccf8513da refill:5b6e8d1065617f1aec088c8e16d95f52872a6316e7014c051cac58da29771af6 PROVIDER_NO_TICKS×1
EURGBP,15m@v1,2020-12-25T07:00Z,2020-12-25T08:00Z,1.0,2020,4,PROVIDER_NO_TICKS,0,4,0,0,0,0,0,0,4,False,,a26edf3fc8b4c01e792b149846af71570cb454f476640203b2ec8550fc2868e0|fee182d9670d9e2adb3f5676a1dbac37f073e107ed9dd31b43d1ffcccf8513da,2026-10-05T05:48:48.438053Z plan=a26edf3fc8b4c01e792b149846af71570cb454f476640203b2ec8550fc2868e0 journal:2625（補正の前の入力） PROVIDER_NO_TICKS×4 ; 2026-10-06T09:36:16.840957Z plan=fee182d9670d9e2adb3f5676a1dbac37f073e107ed9dd31b43d1ffcccf8513da refill:5b6e8d1065617f1aec088c8e16d95f52872a6316e7014c051cac58da29771af6 PROVIDER_NO_TICKS×4
EURGBP,15m@v1,2022-12-22T22:00Z,2022-12-22T22:15Z,0.25,2022,1,PROVIDER_NO_TICKS,0,1,0,0,0,0,0,0,1,False,,a26edf3fc8b4c01e792b149846af71570cb454f476640203b2ec8550fc2868e0|fee182d9670d9e2adb3f5676a1dbac37f073e107ed9dd31b43d1ffcccf8513da,2026-10-05T05:48:48.438053Z plan=a26edf3fc8b4c01e792b149846af71570cb454f476640203b2ec8550fc2868e0 journal:2625（補正の前の入力） PROVIDER_NO_TICKS×1 ; 2026-10-06T09:36:16.840957Z plan=fee182d9670d9e2adb3f5676a1dbac37f073e107ed9dd31b43d1ffcccf8513da refill:5b6e8d1065617f1aec088c8e16d95f52872a6316e7014c051cac58da29771af6 PROVIDER_NO_TICKS×1
EURGBP,15m@v1,2023-01-01T22:00Z,2023-01-01T23:15Z,1.25,2023,5,PROVIDER_NO_TICKS,0,5,0,0,0,0,0,0,5,False,,a26edf3fc8b4c01e792b149846af71570cb454f476640203b2ec8550fc2868e0|fee182d9670d9e2adb3f5676a1dbac37f073e107ed9dd31b43d1ffcccf8513da,2026-10-05T05:48:48.438053Z plan=a26edf3fc8b4c01e792b149846af71570cb454f476640203b2ec8550fc2868e0 journal:2625（補正の前の入力） PROVIDER_NO_TICKS×5 ; 2026-10-06T09:36:16.840957Z plan=fee182d9670d9e2adb3f5676a1dbac37f073e107ed9dd31b43d1ffcccf8513da refill:5b6e8d1065617f1aec088c8e16d95f52872a6316e7014c051cac58da29771af6 PROVIDER_NO_TICKS×5
EURGBP,15m@v1,2023-09-25T10:15Z,2023-09-25T11:00Z,0.75,2023,3,PROVIDER_NO_TICKS,0,3,0,0,0,0,0,0,3,False,,a26edf3fc8b4c01e792b149846af71570cb454f476640203b2ec8550fc2868e0|fee182d9670d9e2adb3f5676a1dbac37f073e107ed9dd31b43d1ffcccf8513da,2026-10-05T05:48:48.438053Z plan=a26edf3fc8b4c01e792b149846af71570cb454f476640203b2ec8550fc2868e0 journal:2625（補正の前の入力） PROVIDER_NO_TICKS×3 ; 2026-10-06T09:36:16.840957Z plan=fee182d9670d9e2adb3f5676a1dbac37f073e107ed9dd31b43d1ffcccf8513da refill:5b6e8d1065617f1aec088c8e16d95f52872a6316e7014c051cac58da29771af6 PROVIDER_NO_TICKS×3
EURGBP,15m@v1,2023-12-24T22:00Z,2023-12-24T23:00Z,1.0,2023,4,PROVIDER_NO_TICKS,0,4,0,0,0,0,0,0,4,False,,a26edf3fc8b4c01e792b149846af71570cb454f476640203b2ec8550fc2868e0|fee182d9670d9e2adb3f5676a1dbac37f073e107ed9dd31b43d1ffcccf8513da,2026-10-05T05:48:48.438053Z plan=a26edf3fc8b4c01e792b149846af71570cb454f476640203b2ec8550fc2868e0 journal:2625（補正の前の入力） PROVIDER_NO_TICKS×4 ; 2026-10-06T09:36:16.840957Z plan=fee182d9670d9e2adb3f5676a1dbac37f073e107ed9dd31b43d1ffcccf8513da refill:5b6e8d1065617f1aec088c8e16d95f52872a6316e7014c051cac58da29771af6 PROVIDER_NO_TICKS×4
EURGBP,15m@v1,2023-12-24T23:30Z,2023-12-25T00:00Z,0.5,2023,2,PROVIDER_NO_TICKS,0,2,0,0,0,0,0,0,2,False,,a26edf3fc8b4c01e792b149846af71570cb454f476640203b2ec8550fc2868e0|fee182d9670d9e2adb3f5676a1dbac37f073e107ed9dd31b43d1ffcccf8513da,2026-10-05T05:48:48.438053Z plan=a26edf3fc8b4c01e792b149846af71570cb454f476640203b2ec8550fc2868e0 journal:2625（補正の前の入力） PROVIDER_NO_TICKS×2 ; 2026-10-06T09:36:16.840957Z plan=fee182d9670d9e2adb3f5676a1dbac37f073e107ed9dd31b43d1ffcccf8513da refill:5b6e8d1065617f1aec088c8e16d95f52872a6316e7014c051cac58da29771af6 PROVIDER_NO_TICKS×2
EURGBP,1h@v1,2016-12-26T08:00Z,2016-12-26T23:00Z,15.0,2016,15,NOT_FETCHED|VALIDATION_REJECTED|SOURCE_DIFFERENCE,1,0,0,0,14,15,0,0,15,True,1,a26edf3fc8b4c01e792b149846af71570cb454f476640203b2ec8550fc2868e0|fee182d9670d9e2adb3f5676a1dbac37f073e107ed9dd31b43d1ffcccf8513da,2026-10-05T05:48:48.438053Z plan=a26edf3fc8b4c01e792b149846af71570cb454f476640203b2ec8550fc2868e0 journal:2625（補正の前の入力） NOT_FETCHED×1 ; 2026-10-05T05:48:48.438053Z plan=a26edf3fc8b4c01e792b149846af71570cb454f476640203b2ec8550fc2868e0 journal:2625（補正の前の入力） VALIDATION_REJECTED×14 ; 2026-10-06T09:36:16.840957Z plan=fee182d9670d9e2adb3f5676a1dbac37f073e107ed9dd31b43d1ffcccf8513da refill:5b6e8d1065617f1aec088c8e16d95f52872a6316e7014c051cac58da29771af6 SOURCE_DIFFERENCE×15
EURGBP,1h@v1,2017-01-01T22:00Z,2017-01-02T07:00Z,9.0,2017,9,UNRECONCILED,0,0,9,0,0,0,0,0,9,True,2,a26edf3fc8b4c01e792b149846af71570cb454f476640203b2ec8550fc2868e0|fee182d9670d9e2adb3f5676a1dbac37f073e107ed9dd31b43d1ffcccf8513da,2026-10-05T05:48:48.438053Z plan=a26edf3fc8b4c01e792b149846af71570cb454f476640203b2ec8550fc2868e0 journal:2625（補正の前の入力） UNRECONCILED（原因 NO_RECONCILIATION_BAR）×9 ; 2026-10-06T09:36:16.840957Z plan=fee182d9670d9e2adb3f5676a1dbac37f073e107ed9dd31b43d1ffcccf8513da refill:5b6e8d1065617f1aec088c8e16d95f52872a6316e7014c051cac58da29771af6 UNRECONCILED（原因 NO_RECONCILIATION_BAR）×9
EURGBP,1h@v1,2018-12-30T22:00Z,2018-12-31T00:00Z,2.0,2018,2,UNRECONCILED,0,0,2,0,0,0,0,0,2,False,,a26edf3fc8b4c01e792b149846af71570cb454f476640203b2ec8550fc2868e0|fee182d9670d9e2adb3f5676a1dbac37f073e107ed9dd31b43d1ffcccf8513da,2026-10-05T05:48:48.438053Z plan=a26edf3fc8b4c01e792b149846af71570cb454f476640203b2ec8550fc2868e0 journal:2625（補正の前の入力） UNRECONCILED（原因 NO_RECONCILIATION_BAR）×2 ; 2026-10-06T09:36:16.840957Z plan=fee182d9670d9e2adb3f5676a1dbac37f073e107ed9dd31b43d1ffcccf8513da refill:5b6e8d1065617f1aec088c8e16d95f52872a6316e7014c051cac58da29771af6 UNRECONCILED（原因 NO_RECONCILIATION_BAR）×2
EURGBP,1h@v1,2019-05-26T21:00Z,2019-05-27T10:00Z,13.0,2019,13,UNRECONCILED,0,0,13,0,0,0,0,0,13,False,,a26edf3fc8b4c01e792b149846af71570cb454f476640203b2ec8550fc2868e0|fee182d9670d9e2adb3f5676a1dbac37f073e107ed9dd31b43d1ffcccf8513da,2026-10-05T05:48:48.438053Z plan=a26edf3fc8b4c01e792b149846af71570cb454f476640203b2ec8550fc2868e0 journal:2625（補正の前の入力） UNRECONCILED（原因 NO_RECONCILIATION_BAR）×13 ; 2026-10-06T09:36:16.840957Z plan=fee182d9670d9e2adb3f5676a1dbac37f073e107ed9dd31b43d1ffcccf8513da refill:5b6e8d1065617f1aec088c8e16d95f52872a6316e7014c051cac58da29771af6 UNRECONCILED（原因 NO_RECONCILIATION_BAR）×13
EURGBP,1h@v1,2019-12-25T08:00Z,2019-12-25T09:00Z,1.0,2019,1,PROVIDER_NO_TICKS,0,1,0,0,0,0,0,0,1,False,,a26edf3fc8b4c01e792b149846af71570cb454f476640203b2ec8550fc2868e0|fee182d9670d9e2adb3f5676a1dbac37f073e107ed9dd31b43d1ffcccf8513da,2026-10-05T05:48:48.438053Z plan=a26edf3fc8b4c01e792b149846af71570cb454f476640203b2ec8550fc2868e0 journal:2625（補正の前の入力） PROVIDER_NO_TICKS×1 ; 2026-10-06T09:36:16.840957Z plan=fee182d9670d9e2adb3f5676a1dbac37f073e107ed9dd31b43d1ffcccf8513da refill:5b6e8d1065617f1aec088c8e16d95f52872a6316e7014c051cac58da29771af6 PROVIDER_NO_TICKS×1
EURGBP,1h@v1,2020-12-25T07:00Z,2020-12-25T08:00Z,1.0,2020,1,PROVIDER_NO_TICKS,0,1,0,0,0,0,0,0,1,False,,a26edf3fc8b4c01e792b149846af71570cb454f476640203b2ec8550fc2868e0|fee182d9670d9e2adb3f5676a1dbac37f073e107ed9dd31b43d1ffcccf8513da,2026-10-05T05:48:48.438053Z plan=a26edf3fc8b4c01e792b149846af71570cb454f476640203b2ec8550fc2868e0 journal:2625（補正の前の入力） PROVIDER_NO_TICKS×1 ; 2026-10-06T09:36:16.840957Z plan=fee182d9670d9e2adb3f5676a1dbac37f073e107ed9dd31b43d1ffcccf8513da refill:5b6e8d1065617f1aec088c8e16d95f52872a6316e7014c051cac58da29771af6 PROVIDER_NO_TICKS×1
EURGBP,1h@v1,2023-01-01T22:00Z,2023-01-01T23:00Z,1.0,2023,1,PROVIDER_NO_TICKS,0,1,0,0,0,0,0,0,1,False,,a26edf3fc8b4c01e792b149846af71570cb454f476640203b2ec8550fc2868e0|fee182d9670d9e2adb3f5676a1dbac37f073e107ed9dd31b43d1ffcccf8513da,2026-10-05T05:48:48.438053Z plan=a26edf3fc8b4c01e792b149846af71570cb454f476640203b2ec8550fc2868e0 journal:2625（補正の前の入力） PROVIDER_NO_TICKS×1 ; 2026-10-06T09:36:16.840957Z plan=fee182d9670d9e2adb3f5676a1dbac37f073e107ed9dd31b43d1ffcccf8513da refill:5b6e8d1065617f1aec088c8e16d95f52872a6316e7014c051cac58da29771af6 PROVIDER_NO_TICKS×1
EURGBP,1h@v1,2023-12-24T22:00Z,2023-12-24T23:00Z,1.0,2023,1,PROVIDER_NO_TICKS,0,1,0,0,0,0,0,0,1,False,,a26edf3fc8b4c01e792b149846af71570cb454f476640203b2ec8550fc2868e0|fee182d9670d9e2adb3f5676a1dbac37f073e107ed9dd31b43d1ffcccf8513da,2026-10-05T05:48:48.438053Z plan=a26edf3fc8b4c01e792b149846af71570cb454f476640203b2ec8550fc2868e0 journal:2625（補正の前の入力） PROVIDER_NO_TICKS×1 ; 2026-10-06T09:36:16.840957Z plan=fee182d9670d9e2adb3f5676a1dbac37f073e107ed9dd31b43d1ffcccf8513da refill:5b6e8d1065617f1aec088c8e16d95f52872a6316e7014c051cac58da29771af6 PROVIDER_NO_TICKS×1
EURJPY,15m@v1,2016-12-25T22:00Z,2016-12-25T22:30Z,0.5,2016,2,VALIDATION_REJECTED|SOURCE_DIFFERENCE,0,0,0,0,2,2,0,0,2,False,,a26edf3fc8b4c01e792b149846af71570cb454f476640203b2ec8550fc2868e0|fee182d9670d9e2adb3f5676a1dbac37f073e107ed9dd31b43d1ffcccf8513da,2026-10-05T05:48:48.438053Z plan=a26edf3fc8b4c01e792b149846af71570cb454f476640203b2ec8550fc2868e0 journal:2625（補正の前の入力） VALIDATION_REJECTED×2 ; 2026-10-06T09:36:16.840957Z plan=fee182d9670d9e2adb3f5676a1dbac37f073e107ed9dd31b43d1ffcccf8513da refill:5b6e8d1065617f1aec088c8e16d95f52872a6316e7014c051cac58da29771af6 SOURCE_DIFFERENCE×2
EURJPY,15m@v1,2016-12-26T07:00Z,2016-12-26T23:00Z,16.0,2016,64,VALIDATION_REJECTED|SOURCE_DIFFERENCE,0,0,0,0,64,64,0,0,64,True,1,a26edf3fc8b4c01e792b149846af71570cb454f476640203b2ec8550fc2868e0|fee182d9670d9e2adb3f5676a1dbac37f073e107ed9dd31b43d1ffcccf8513da,2026-10-05T05:48:48.438053Z plan=a26edf3fc8b4c01e792b149846af71570cb454f476640203b2ec8550fc2868e0 journal:2625（補正の前の入力） VALIDATION_REJECTED×64 ; 2026-10-06T09:36:16.840957Z plan=fee182d9670d9e2adb3f5676a1dbac37f073e107ed9dd31b43d1ffcccf8513da refill:5b6e8d1065617f1aec088c8e16d95f52872a6316e7014c051cac58da29771af6 SOURCE_DIFFERENCE×64
EURJPY,15m@v1,2017-01-01T22:00Z,2017-01-02T07:00Z,9.0,2017,36,UNRECONCILED,0,0,36,0,0,0,0,0,36,True,2,a26edf3fc8b4c01e792b149846af71570cb454f476640203b2ec8550fc2868e0|fee182d9670d9e2adb3f5676a1dbac37f073e107ed9dd31b43d1ffcccf8513da,2026-10-05T05:48:48.438053Z plan=a26edf3fc8b4c01e792b149846af71570cb454f476640203b2ec8550fc2868e0 journal:2625（補正の前の入力） UNRECONCILED（原因 NO_RECONCILIATION_BAR）×36 ; 2026-10-06T09:36:16.840957Z plan=fee182d9670d9e2adb3f5676a1dbac37f073e107ed9dd31b43d1ffcccf8513da refill:5b6e8d1065617f1aec088c8e16d95f52872a6316e7014c051cac58da29771af6 UNRECONCILED（原因 NO_RECONCILIATION_BAR）×36
EURJPY,15m@v1,2019-05-26T21:00Z,2019-05-27T02:00Z,5.0,2019,20,UNRECONCILED,0,0,20,0,0,0,0,0,20,False,,a26edf3fc8b4c01e792b149846af71570cb454f476640203b2ec8550fc2868e0|fee182d9670d9e2adb3f5676a1dbac37f073e107ed9dd31b43d1ffcccf8513da,2026-10-05T05:48:48.438053Z plan=a26edf3fc8b4c01e792b149846af71570cb454f476640203b2ec8550fc2868e0 journal:2625（補正の前の入力） UNRECONCILED（原因 NO_RECONCILIATION_BAR）×20 ; 2026-10-06T09:36:16.840957Z plan=fee182d9670d9e2adb3f5676a1dbac37f073e107ed9dd31b43d1ffcccf8513da refill:5b6e8d1065617f1aec088c8e16d95f52872a6316e7014c051cac58da29771af6 UNRECONCILED（原因 NO_RECONCILIATION_BAR）×20
EURJPY,15m@v1,2019-12-24T22:00Z,2019-12-24T22:45Z,0.75,2019,3,PROVIDER_NO_TICKS,0,3,0,0,0,0,0,0,3,False,,a26edf3fc8b4c01e792b149846af71570cb454f476640203b2ec8550fc2868e0|fee182d9670d9e2adb3f5676a1dbac37f073e107ed9dd31b43d1ffcccf8513da,2026-10-05T05:48:48.438053Z plan=a26edf3fc8b4c01e792b149846af71570cb454f476640203b2ec8550fc2868e0 journal:2625（補正の前の入力） PROVIDER_NO_TICKS×3 ; 2026-10-06T09:36:16.840957Z plan=fee182d9670d9e2adb3f5676a1dbac37f073e107ed9dd31b43d1ffcccf8513da refill:5b6e8d1065617f1aec088c8e16d95f52872a6316e7014c051cac58da29771af6 PROVIDER_NO_TICKS×3
EURJPY,15m@v1,2019-12-25T08:00Z,2019-12-25T09:00Z,1.0,2019,4,PROVIDER_NO_TICKS,0,4,0,0,0,0,0,0,4,False,,a26edf3fc8b4c01e792b149846af71570cb454f476640203b2ec8550fc2868e0|fee182d9670d9e2adb3f5676a1dbac37f073e107ed9dd31b43d1ffcccf8513da,2026-10-05T05:48:48.438053Z plan=a26edf3fc8b4c01e792b149846af71570cb454f476640203b2ec8550fc2868e0 journal:2625（補正の前の入力） PROVIDER_NO_TICKS×4 ; 2026-10-06T09:36:16.840957Z plan=fee182d9670d9e2adb3f5676a1dbac37f073e107ed9dd31b43d1ffcccf8513da refill:5b6e8d1065617f1aec088c8e16d95f52872a6316e7014c051cac58da29771af6 PROVIDER_NO_TICKS×4
EURJPY,15m@v1,2020-12-25T07:45Z,2020-12-25T08:00Z,0.25,2020,1,PROVIDER_NO_TICKS,0,1,0,0,0,0,0,0,1,False,,a26edf3fc8b4c01e792b149846af71570cb454f476640203b2ec8550fc2868e0|fee182d9670d9e2adb3f5676a1dbac37f073e107ed9dd31b43d1ffcccf8513da,2026-10-05T05:48:48.438053Z plan=a26edf3fc8b4c01e792b149846af71570cb454f476640203b2ec8550fc2868e0 journal:2625（補正の前の入力） PROVIDER_NO_TICKS×1 ; 2026-10-06T09:36:16.840957Z plan=fee182d9670d9e2adb3f5676a1dbac37f073e107ed9dd31b43d1ffcccf8513da refill:5b6e8d1065617f1aec088c8e16d95f52872a6316e7014c051cac58da29771af6 PROVIDER_NO_TICKS×1
EURJPY,15m@v1,2021-12-26T22:00Z,2021-12-26T22:15Z,0.25,2021,1,PROVIDER_NO_TICKS,0,1,0,0,0,0,0,0,1,False,,a26edf3fc8b4c01e792b149846af71570cb454f476640203b2ec8550fc2868e0|fee182d9670d9e2adb3f5676a1dbac37f073e107ed9dd31b43d1ffcccf8513da,2026-10-05T05:48:48.438053Z plan=a26edf3fc8b4c01e792b149846af71570cb454f476640203b2ec8550fc2868e0 journal:2625（補正の前の入力） PROVIDER_NO_TICKS×1 ; 2026-10-06T09:36:16.840957Z plan=fee182d9670d9e2adb3f5676a1dbac37f073e107ed9dd31b43d1ffcccf8513da refill:5b6e8d1065617f1aec088c8e16d95f52872a6316e7014c051cac58da29771af6 PROVIDER_NO_TICKS×1
EURJPY,15m@v1,2022-05-08T21:00Z,2022-05-08T21:15Z,0.25,2022,1,PROVIDER_NO_TICKS,0,1,0,0,0,0,0,0,1,False,,a26edf3fc8b4c01e792b149846af71570cb454f476640203b2ec8550fc2868e0|fee182d9670d9e2adb3f5676a1dbac37f073e107ed9dd31b43d1ffcccf8513da,2026-10-05T05:48:48.438053Z plan=a26edf3fc8b4c01e792b149846af71570cb454f476640203b2ec8550fc2868e0 journal:2625（補正の前の入力） PROVIDER_NO_TICKS×1 ; 2026-10-06T09:36:16.840957Z plan=fee182d9670d9e2adb3f5676a1dbac37f073e107ed9dd31b43d1ffcccf8513da refill:5b6e8d1065617f1aec088c8e16d95f52872a6316e7014c051cac58da29771af6 PROVIDER_NO_TICKS×1
EURJPY,15m@v1,2022-05-15T21:00Z,2022-05-15T21:15Z,0.25,2022,1,PROVIDER_NO_TICKS,0,1,0,0,0,0,0,0,1,False,,a26edf3fc8b4c01e792b149846af71570cb454f476640203b2ec8550fc2868e0|fee182d9670d9e2adb3f5676a1dbac37f073e107ed9dd31b43d1ffcccf8513da,2026-10-05T05:48:48.438053Z plan=a26edf3fc8b4c01e792b149846af71570cb454f476640203b2ec8550fc2868e0 journal:2625（補正の前の入力） PROVIDER_NO_TICKS×1 ; 2026-10-06T09:36:16.840957Z plan=fee182d9670d9e2adb3f5676a1dbac37f073e107ed9dd31b43d1ffcccf8513da refill:5b6e8d1065617f1aec088c8e16d95f52872a6316e7014c051cac58da29771af6 PROVIDER_NO_TICKS×1
EURJPY,15m@v1,2022-06-26T21:00Z,2022-06-26T21:30Z,0.5,2022,2,PROVIDER_NO_TICKS,0,2,0,0,0,0,0,0,2,False,,a26edf3fc8b4c01e792b149846af71570cb454f476640203b2ec8550fc2868e0|fee182d9670d9e2adb3f5676a1dbac37f073e107ed9dd31b43d1ffcccf8513da,2026-10-05T05:48:48.438053Z plan=a26edf3fc8b4c01e792b149846af71570cb454f476640203b2ec8550fc2868e0 journal:2625（補正の前の入力） PROVIDER_NO_TICKS×2 ; 2026-10-06T09:36:16.840957Z plan=fee182d9670d9e2adb3f5676a1dbac37f073e107ed9dd31b43d1ffcccf8513da refill:5b6e8d1065617f1aec088c8e16d95f52872a6316e7014c051cac58da29771af6 PROVIDER_NO_TICKS×2
EURJPY,15m@v1,2022-12-25T22:30Z,2022-12-25T23:00Z,0.5,2022,2,PROVIDER_NO_TICKS,0,2,0,0,0,0,0,0,2,False,,a26edf3fc8b4c01e792b149846af71570cb454f476640203b2ec8550fc2868e0|fee182d9670d9e2adb3f5676a1dbac37f073e107ed9dd31b43d1ffcccf8513da,2026-10-05T05:48:48.438053Z plan=a26edf3fc8b4c01e792b149846af71570cb454f476640203b2ec8550fc2868e0 journal:2625（補正の前の入力） PROVIDER_NO_TICKS×2 ; 2026-10-06T09:36:16.840957Z plan=fee182d9670d9e2adb3f5676a1dbac37f073e107ed9dd31b43d1ffcccf8513da refill:5b6e8d1065617f1aec088c8e16d95f52872a6316e7014c051cac58da29771af6 PROVIDER_NO_TICKS×2
EURJPY,15m@v1,2023-01-01T22:00Z,2023-01-01T23:45Z,1.75,2023,7,PROVIDER_NO_TICKS,0,7,0,0,0,0,0,0,7,False,,a26edf3fc8b4c01e792b149846af71570cb454f476640203b2ec8550fc2868e0|fee182d9670d9e2adb3f5676a1dbac37f073e107ed9dd31b43d1ffcccf8513da,2026-10-05T05:48:48.438053Z plan=a26edf3fc8b4c01e792b149846af71570cb454f476640203b2ec8550fc2868e0 journal:2625（補正の前の入力） PROVIDER_NO_TICKS×7 ; 2026-10-06T09:36:16.840957Z plan=fee182d9670d9e2adb3f5676a1dbac37f073e107ed9dd31b43d1ffcccf8513da refill:5b6e8d1065617f1aec088c8e16d95f52872a6316e7014c051cac58da29771af6 PROVIDER_NO_TICKS×7
EURJPY,15m@v1,2023-09-25T10:15Z,2023-09-25T11:00Z,0.75,2023,3,PROVIDER_NO_TICKS,0,3,0,0,0,0,0,0,3,False,,a26edf3fc8b4c01e792b149846af71570cb454f476640203b2ec8550fc2868e0|fee182d9670d9e2adb3f5676a1dbac37f073e107ed9dd31b43d1ffcccf8513da,2026-10-05T05:48:48.438053Z plan=a26edf3fc8b4c01e792b149846af71570cb454f476640203b2ec8550fc2868e0 journal:2625（補正の前の入力） PROVIDER_NO_TICKS×3 ; 2026-10-06T09:36:16.840957Z plan=fee182d9670d9e2adb3f5676a1dbac37f073e107ed9dd31b43d1ffcccf8513da refill:5b6e8d1065617f1aec088c8e16d95f52872a6316e7014c051cac58da29771af6 PROVIDER_NO_TICKS×3
EURJPY,15m@v1,2023-12-24T22:00Z,2023-12-24T23:30Z,1.5,2023,6,PROVIDER_NO_TICKS,0,6,0,0,0,0,0,0,6,False,,a26edf3fc8b4c01e792b149846af71570cb454f476640203b2ec8550fc2868e0|fee182d9670d9e2adb3f5676a1dbac37f073e107ed9dd31b43d1ffcccf8513da,2026-10-05T05:48:48.438053Z plan=a26edf3fc8b4c01e792b149846af71570cb454f476640203b2ec8550fc2868e0 journal:2625（補正の前の入力） PROVIDER_NO_TICKS×6 ; 2026-10-06T09:36:16.840957Z plan=fee182d9670d9e2adb3f5676a1dbac37f073e107ed9dd31b43d1ffcccf8513da refill:5b6e8d1065617f1aec088c8e16d95f52872a6316e7014c051cac58da29771af6 PROVIDER_NO_TICKS×6
EURJPY,15m@v1,2023-12-25T05:45Z,2023-12-25T06:00Z,0.25,2023,1,PROVIDER_NO_TICKS,0,1,0,0,0,0,0,0,1,False,,a26edf3fc8b4c01e792b149846af71570cb454f476640203b2ec8550fc2868e0|fee182d9670d9e2adb3f5676a1dbac37f073e107ed9dd31b43d1ffcccf8513da,2026-10-05T05:48:48.438053Z plan=a26edf3fc8b4c01e792b149846af71570cb454f476640203b2ec8550fc2868e0 journal:2625（補正の前の入力） PROVIDER_NO_TICKS×1 ; 2026-10-06T09:36:16.840957Z plan=fee182d9670d9e2adb3f5676a1dbac37f073e107ed9dd31b43d1ffcccf8513da refill:5b6e8d1065617f1aec088c8e16d95f52872a6316e7014c051cac58da29771af6 PROVIDER_NO_TICKS×1
EURJPY,15m@v1,2023-12-25T07:15Z,2023-12-25T08:00Z,0.75,2023,3,PROVIDER_NO_TICKS,0,3,0,0,0,0,0,0,3,False,,a26edf3fc8b4c01e792b149846af71570cb454f476640203b2ec8550fc2868e0|fee182d9670d9e2adb3f5676a1dbac37f073e107ed9dd31b43d1ffcccf8513da,2026-10-05T05:48:48.438053Z plan=a26edf3fc8b4c01e792b149846af71570cb454f476640203b2ec8550fc2868e0 journal:2625（補正の前の入力） PROVIDER_NO_TICKS×3 ; 2026-10-06T09:36:16.840957Z plan=fee182d9670d9e2adb3f5676a1dbac37f073e107ed9dd31b43d1ffcccf8513da refill:5b6e8d1065617f1aec088c8e16d95f52872a6316e7014c051cac58da29771af6 PROVIDER_NO_TICKS×3
EURJPY,15m@v1,2023-12-25T22:00Z,2023-12-25T22:15Z,0.25,2023,1,PROVIDER_NO_TICKS,0,1,0,0,0,0,0,0,1,False,,a26edf3fc8b4c01e792b149846af71570cb454f476640203b2ec8550fc2868e0|fee182d9670d9e2adb3f5676a1dbac37f073e107ed9dd31b43d1ffcccf8513da,2026-10-05T05:48:48.438053Z plan=a26edf3fc8b4c01e792b149846af71570cb454f476640203b2ec8550fc2868e0 journal:2625（補正の前の入力） PROVIDER_NO_TICKS×1 ; 2026-10-06T09:36:16.840957Z plan=fee182d9670d9e2adb3f5676a1dbac37f073e107ed9dd31b43d1ffcccf8513da refill:5b6e8d1065617f1aec088c8e16d95f52872a6316e7014c051cac58da29771af6 PROVIDER_NO_TICKS×1
EURJPY,1h@v1,2016-12-26T07:00Z,2016-12-26T23:00Z,16.0,2016,16,VALIDATION_REJECTED|SOURCE_DIFFERENCE,0,0,0,0,16,16,0,0,16,True,1,a26edf3fc8b4c01e792b149846af71570cb454f476640203b2ec8550fc2868e0|fee182d9670d9e2adb3f5676a1dbac37f073e107ed9dd31b43d1ffcccf8513da,2026-10-05T05:48:48.438053Z plan=a26edf3fc8b4c01e792b149846af71570cb454f476640203b2ec8550fc2868e0 journal:2625（補正の前の入力） VALIDATION_REJECTED×16 ; 2026-10-06T09:36:16.840957Z plan=fee182d9670d9e2adb3f5676a1dbac37f073e107ed9dd31b43d1ffcccf8513da refill:5b6e8d1065617f1aec088c8e16d95f52872a6316e7014c051cac58da29771af6 SOURCE_DIFFERENCE×16
EURJPY,1h@v1,2017-01-01T22:00Z,2017-01-02T07:00Z,9.0,2017,9,UNRECONCILED,0,0,9,0,0,0,0,0,9,True,2,a26edf3fc8b4c01e792b149846af71570cb454f476640203b2ec8550fc2868e0|fee182d9670d9e2adb3f5676a1dbac37f073e107ed9dd31b43d1ffcccf8513da,2026-10-05T05:48:48.438053Z plan=a26edf3fc8b4c01e792b149846af71570cb454f476640203b2ec8550fc2868e0 journal:2625（補正の前の入力） UNRECONCILED（原因 NO_RECONCILIATION_BAR）×9 ; 2026-10-06T09:36:16.840957Z plan=fee182d9670d9e2adb3f5676a1dbac37f073e107ed9dd31b43d1ffcccf8513da refill:5b6e8d1065617f1aec088c8e16d95f52872a6316e7014c051cac58da29771af6 UNRECONCILED（原因 NO_RECONCILIATION_BAR）×9
EURJPY,1h@v1,2019-05-26T21:00Z,2019-05-27T02:00Z,5.0,2019,5,UNRECONCILED,0,0,5,0,0,0,0,0,5,False,,a26edf3fc8b4c01e792b149846af71570cb454f476640203b2ec8550fc2868e0|fee182d9670d9e2adb3f5676a1dbac37f073e107ed9dd31b43d1ffcccf8513da,2026-10-05T05:48:48.438053Z plan=a26edf3fc8b4c01e792b149846af71570cb454f476640203b2ec8550fc2868e0 journal:2625（補正の前の入力） UNRECONCILED（原因 NO_RECONCILIATION_BAR）×5 ; 2026-10-06T09:36:16.840957Z plan=fee182d9670d9e2adb3f5676a1dbac37f073e107ed9dd31b43d1ffcccf8513da refill:5b6e8d1065617f1aec088c8e16d95f52872a6316e7014c051cac58da29771af6 UNRECONCILED（原因 NO_RECONCILIATION_BAR）×5
EURJPY,1h@v1,2019-12-25T08:00Z,2019-12-25T09:00Z,1.0,2019,1,PROVIDER_NO_TICKS,0,1,0,0,0,0,0,0,1,False,,a26edf3fc8b4c01e792b149846af71570cb454f476640203b2ec8550fc2868e0|fee182d9670d9e2adb3f5676a1dbac37f073e107ed9dd31b43d1ffcccf8513da,2026-10-05T05:48:48.438053Z plan=a26edf3fc8b4c01e792b149846af71570cb454f476640203b2ec8550fc2868e0 journal:2625（補正の前の入力） PROVIDER_NO_TICKS×1 ; 2026-10-06T09:36:16.840957Z plan=fee182d9670d9e2adb3f5676a1dbac37f073e107ed9dd31b43d1ffcccf8513da refill:5b6e8d1065617f1aec088c8e16d95f52872a6316e7014c051cac58da29771af6 PROVIDER_NO_TICKS×1
EURJPY,1h@v1,2023-01-01T22:00Z,2023-01-01T23:00Z,1.0,2023,1,PROVIDER_NO_TICKS,0,1,0,0,0,0,0,0,1,False,,a26edf3fc8b4c01e792b149846af71570cb454f476640203b2ec8550fc2868e0|fee182d9670d9e2adb3f5676a1dbac37f073e107ed9dd31b43d1ffcccf8513da,2026-10-05T05:48:48.438053Z plan=a26edf3fc8b4c01e792b149846af71570cb454f476640203b2ec8550fc2868e0 journal:2625（補正の前の入力） PROVIDER_NO_TICKS×1 ; 2026-10-06T09:36:16.840957Z plan=fee182d9670d9e2adb3f5676a1dbac37f073e107ed9dd31b43d1ffcccf8513da refill:5b6e8d1065617f1aec088c8e16d95f52872a6316e7014c051cac58da29771af6 PROVIDER_NO_TICKS×1
EURJPY,1h@v1,2023-12-24T22:00Z,2023-12-24T23:00Z,1.0,2023,1,PROVIDER_NO_TICKS,0,1,0,0,0,0,0,0,1,False,,a26edf3fc8b4c01e792b149846af71570cb454f476640203b2ec8550fc2868e0|fee182d9670d9e2adb3f5676a1dbac37f073e107ed9dd31b43d1ffcccf8513da,2026-10-05T05:48:48.438053Z plan=a26edf3fc8b4c01e792b149846af71570cb454f476640203b2ec8550fc2868e0 journal:2625（補正の前の入力） PROVIDER_NO_TICKS×1 ; 2026-10-06T09:36:16.840957Z plan=fee182d9670d9e2adb3f5676a1dbac37f073e107ed9dd31b43d1ffcccf8513da refill:5b6e8d1065617f1aec088c8e16d95f52872a6316e7014c051cac58da29771af6 PROVIDER_NO_TICKS×1
EURUSD,15m@v1,2016-12-25T22:00Z,2016-12-25T22:30Z,0.5,2016,2,VALIDATION_REJECTED|SOURCE_DIFFERENCE,0,0,0,0,2,2,0,0,2,False,,a26edf3fc8b4c01e792b149846af71570cb454f476640203b2ec8550fc2868e0|fee182d9670d9e2adb3f5676a1dbac37f073e107ed9dd31b43d1ffcccf8513da,2026-10-05T05:48:48.438053Z plan=a26edf3fc8b4c01e792b149846af71570cb454f476640203b2ec8550fc2868e0 journal:2625（補正の前の入力） VALIDATION_REJECTED×2 ; 2026-10-06T09:36:16.840957Z plan=fee182d9670d9e2adb3f5676a1dbac37f073e107ed9dd31b43d1ffcccf8513da refill:5b6e8d1065617f1aec088c8e16d95f52872a6316e7014c051cac58da29771af6 SOURCE_DIFFERENCE×2
EURUSD,15m@v1,2016-12-26T07:00Z,2016-12-26T23:00Z,16.0,2016,64,VALIDATION_REJECTED|SOURCE_DIFFERENCE,0,0,0,0,64,64,0,0,64,True,1,a26edf3fc8b4c01e792b149846af71570cb454f476640203b2ec8550fc2868e0|fee182d9670d9e2adb3f5676a1dbac37f073e107ed9dd31b43d1ffcccf8513da,2026-10-05T05:48:48.438053Z plan=a26edf3fc8b4c01e792b149846af71570cb454f476640203b2ec8550fc2868e0 journal:2625（補正の前の入力） VALIDATION_REJECTED×64 ; 2026-10-06T09:36:16.840957Z plan=fee182d9670d9e2adb3f5676a1dbac37f073e107ed9dd31b43d1ffcccf8513da refill:5b6e8d1065617f1aec088c8e16d95f52872a6316e7014c051cac58da29771af6 SOURCE_DIFFERENCE×64
EURUSD,15m@v1,2017-01-01T22:00Z,2017-01-02T07:00Z,9.0,2017,36,UNRECONCILED,0,0,36,0,0,0,0,0,36,True,2,a26edf3fc8b4c01e792b149846af71570cb454f476640203b2ec8550fc2868e0|fee182d9670d9e2adb3f5676a1dbac37f073e107ed9dd31b43d1ffcccf8513da,2026-10-05T05:48:48.438053Z plan=a26edf3fc8b4c01e792b149846af71570cb454f476640203b2ec8550fc2868e0 journal:2625（補正の前の入力） UNRECONCILED（原因 NO_RECONCILIATION_BAR）×36 ; 2026-10-06T09:36:16.840957Z plan=fee182d9670d9e2adb3f5676a1dbac37f073e107ed9dd31b43d1ffcccf8513da refill:5b6e8d1065617f1aec088c8e16d95f52872a6316e7014c051cac58da29771af6 UNRECONCILED（原因 NO_RECONCILIATION_BAR）×36
EURUSD,15m@v1,2019-05-26T21:00Z,2019-05-27T03:00Z,6.0,2019,24,UNRECONCILED,0,0,24,0,0,0,0,0,24,False,,a26edf3fc8b4c01e792b149846af71570cb454f476640203b2ec8550fc2868e0|fee182d9670d9e2adb3f5676a1dbac37f073e107ed9dd31b43d1ffcccf8513da,2026-10-05T05:48:48.438053Z plan=a26edf3fc8b4c01e792b149846af71570cb454f476640203b2ec8550fc2868e0 journal:2625（補正の前の入力） UNRECONCILED（原因 NO_RECONCILIATION_BAR）×24 ; 2026-10-06T09:36:16.840957Z plan=fee182d9670d9e2adb3f5676a1dbac37f073e107ed9dd31b43d1ffcccf8513da refill:5b6e8d1065617f1aec088c8e16d95f52872a6316e7014c051cac58da29771af6 UNRECONCILED（原因 NO_RECONCILIATION_BAR）×24
EURUSD,15m@v1,2019-12-24T22:00Z,2019-12-24T22:45Z,0.75,2019,3,PROVIDER_NO_TICKS,0,3,0,0,0,0,0,0,3,False,,a26edf3fc8b4c01e792b149846af71570cb454f476640203b2ec8550fc2868e0|fee182d9670d9e2adb3f5676a1dbac37f073e107ed9dd31b43d1ffcccf8513da,2026-10-05T05:48:48.438053Z plan=a26edf3fc8b4c01e792b149846af71570cb454f476640203b2ec8550fc2868e0 journal:2625（補正の前の入力） PROVIDER_NO_TICKS×3 ; 2026-10-06T09:36:16.840957Z plan=fee182d9670d9e2adb3f5676a1dbac37f073e107ed9dd31b43d1ffcccf8513da refill:5b6e8d1065617f1aec088c8e16d95f52872a6316e7014c051cac58da29771af6 PROVIDER_NO_TICKS×3
EURUSD,15m@v1,2019-12-25T08:00Z,2019-12-25T09:00Z,1.0,2019,4,PROVIDER_NO_TICKS,0,4,0,0,0,0,0,0,4,False,,a26edf3fc8b4c01e792b149846af71570cb454f476640203b2ec8550fc2868e0|fee182d9670d9e2adb3f5676a1dbac37f073e107ed9dd31b43d1ffcccf8513da,2026-10-05T05:48:48.438053Z plan=a26edf3fc8b4c01e792b149846af71570cb454f476640203b2ec8550fc2868e0 journal:2625（補正の前の入力） PROVIDER_NO_TICKS×4 ; 2026-10-06T09:36:16.840957Z plan=fee182d9670d9e2adb3f5676a1dbac37f073e107ed9dd31b43d1ffcccf8513da refill:5b6e8d1065617f1aec088c8e16d95f52872a6316e7014c051cac58da29771af6 PROVIDER_NO_TICKS×4
EURUSD,15m@v1,2020-12-24T22:15Z,2020-12-24T22:30Z,0.25,2020,1,PROVIDER_NO_TICKS,0,1,0,0,0,0,0,0,1,False,,a26edf3fc8b4c01e792b149846af71570cb454f476640203b2ec8550fc2868e0|fee182d9670d9e2adb3f5676a1dbac37f073e107ed9dd31b43d1ffcccf8513da,2026-10-05T05:48:48.438053Z plan=a26edf3fc8b4c01e792b149846af71570cb454f476640203b2ec8550fc2868e0 journal:2625（補正の前の入力） PROVIDER_NO_TICKS×1 ; 2026-10-06T09:36:16.840957Z plan=fee182d9670d9e2adb3f5676a1dbac37f073e107ed9dd31b43d1ffcccf8513da refill:5b6e8d1065617f1aec088c8e16d95f52872a6316e7014c051cac58da29771af6 PROVIDER_NO_TICKS×1
EURUSD,15m@v1,2021-04-20T21:15Z,2021-04-20T21:30Z,0.25,2021,1,PROVIDER_NO_TICKS,0,1,0,0,0,0,0,0,1,False,,4990928b85e78610f4e190cdff2507e2d02be8efdf9e28842b8ee6e08f82eb38|a26edf3fc8b4c01e792b149846af71570cb454f476640203b2ec8550fc2868e0|fee182d9670d9e2adb3f5676a1dbac37f073e107ed9dd31b43d1ffcccf8513da,2026-10-01T13:28:03.491375Z plan=4990928b85e78610f4e190cdff2507e2d02be8efdf9e28842b8ee6e08f82eb38 journal:2（補正の前の入力） PROVIDER_NO_TICKS×1 ; 2026-10-05T05:48:48.438053Z plan=a26edf3fc8b4c01e792b149846af71570cb454f476640203b2ec8550fc2868e0 journal:2625（補正の前の入力） PROVIDER_NO_TICKS×1 ; 2026-10-06T09:36:16.840957Z plan=fee182d9670d9e2adb3f5676a1dbac37f073e107ed9dd31b43d1ffcccf8513da refill:5b6e8d1065617f1aec088c8e16d95f52872a6316e7014c051cac58da29771af6 PROVIDER_NO_TICKS×1
EURUSD,15m@v1,2023-09-25T10:15Z,2023-09-25T11:00Z,0.75,2023,3,PROVIDER_NO_TICKS,0,3,0,0,0,0,0,0,3,False,,a26edf3fc8b4c01e792b149846af71570cb454f476640203b2ec8550fc2868e0|fee182d9670d9e2adb3f5676a1dbac37f073e107ed9dd31b43d1ffcccf8513da,2026-10-05T05:48:48.438053Z plan=a26edf3fc8b4c01e792b149846af71570cb454f476640203b2ec8550fc2868e0 journal:2625（補正の前の入力） PROVIDER_NO_TICKS×3 ; 2026-10-06T09:36:16.840957Z plan=fee182d9670d9e2adb3f5676a1dbac37f073e107ed9dd31b43d1ffcccf8513da refill:5b6e8d1065617f1aec088c8e16d95f52872a6316e7014c051cac58da29771af6 PROVIDER_NO_TICKS×3
EURUSD,15m@v1,2023-12-24T22:00Z,2023-12-24T23:00Z,1.0,2023,4,PROVIDER_NO_TICKS,0,4,0,0,0,0,0,0,4,False,,a26edf3fc8b4c01e792b149846af71570cb454f476640203b2ec8550fc2868e0|fee182d9670d9e2adb3f5676a1dbac37f073e107ed9dd31b43d1ffcccf8513da,2026-10-05T05:48:48.438053Z plan=a26edf3fc8b4c01e792b149846af71570cb454f476640203b2ec8550fc2868e0 journal:2625（補正の前の入力） PROVIDER_NO_TICKS×4 ; 2026-10-06T09:36:16.840957Z plan=fee182d9670d9e2adb3f5676a1dbac37f073e107ed9dd31b43d1ffcccf8513da refill:5b6e8d1065617f1aec088c8e16d95f52872a6316e7014c051cac58da29771af6 PROVIDER_NO_TICKS×4
EURUSD,15m@v1,2023-12-24T23:15Z,2023-12-24T23:30Z,0.25,2023,1,PROVIDER_NO_TICKS,0,1,0,0,0,0,0,0,1,False,,a26edf3fc8b4c01e792b149846af71570cb454f476640203b2ec8550fc2868e0|fee182d9670d9e2adb3f5676a1dbac37f073e107ed9dd31b43d1ffcccf8513da,2026-10-05T05:48:48.438053Z plan=a26edf3fc8b4c01e792b149846af71570cb454f476640203b2ec8550fc2868e0 journal:2625（補正の前の入力） PROVIDER_NO_TICKS×1 ; 2026-10-06T09:36:16.840957Z plan=fee182d9670d9e2adb3f5676a1dbac37f073e107ed9dd31b43d1ffcccf8513da refill:5b6e8d1065617f1aec088c8e16d95f52872a6316e7014c051cac58da29771af6 PROVIDER_NO_TICKS×1
EURUSD,1h@v1,2016-12-26T07:00Z,2016-12-26T23:00Z,16.0,2016,16,VALIDATION_REJECTED|SOURCE_DIFFERENCE,0,0,0,0,16,16,0,0,16,True,1,a26edf3fc8b4c01e792b149846af71570cb454f476640203b2ec8550fc2868e0|fee182d9670d9e2adb3f5676a1dbac37f073e107ed9dd31b43d1ffcccf8513da,2026-10-05T05:48:48.438053Z plan=a26edf3fc8b4c01e792b149846af71570cb454f476640203b2ec8550fc2868e0 journal:2625（補正の前の入力） VALIDATION_REJECTED×16 ; 2026-10-06T09:36:16.840957Z plan=fee182d9670d9e2adb3f5676a1dbac37f073e107ed9dd31b43d1ffcccf8513da refill:5b6e8d1065617f1aec088c8e16d95f52872a6316e7014c051cac58da29771af6 SOURCE_DIFFERENCE×16
EURUSD,1h@v1,2017-01-01T22:00Z,2017-01-02T07:00Z,9.0,2017,9,UNRECONCILED,0,0,9,0,0,0,0,0,9,True,2,a26edf3fc8b4c01e792b149846af71570cb454f476640203b2ec8550fc2868e0|fee182d9670d9e2adb3f5676a1dbac37f073e107ed9dd31b43d1ffcccf8513da,2026-10-05T05:48:48.438053Z plan=a26edf3fc8b4c01e792b149846af71570cb454f476640203b2ec8550fc2868e0 journal:2625（補正の前の入力） UNRECONCILED（原因 NO_RECONCILIATION_BAR）×9 ; 2026-10-06T09:36:16.840957Z plan=fee182d9670d9e2adb3f5676a1dbac37f073e107ed9dd31b43d1ffcccf8513da refill:5b6e8d1065617f1aec088c8e16d95f52872a6316e7014c051cac58da29771af6 UNRECONCILED（原因 NO_RECONCILIATION_BAR）×9
EURUSD,1h@v1,2019-05-26T21:00Z,2019-05-27T03:00Z,6.0,2019,6,UNRECONCILED,0,0,6,0,0,0,0,0,6,False,,a26edf3fc8b4c01e792b149846af71570cb454f476640203b2ec8550fc2868e0|fee182d9670d9e2adb3f5676a1dbac37f073e107ed9dd31b43d1ffcccf8513da,2026-10-05T05:48:48.438053Z plan=a26edf3fc8b4c01e792b149846af71570cb454f476640203b2ec8550fc2868e0 journal:2625（補正の前の入力） UNRECONCILED（原因 NO_RECONCILIATION_BAR）×6 ; 2026-10-06T09:36:16.840957Z plan=fee182d9670d9e2adb3f5676a1dbac37f073e107ed9dd31b43d1ffcccf8513da refill:5b6e8d1065617f1aec088c8e16d95f52872a6316e7014c051cac58da29771af6 UNRECONCILED（原因 NO_RECONCILIATION_BAR）×6
EURUSD,1h@v1,2019-12-25T08:00Z,2019-12-25T09:00Z,1.0,2019,1,PROVIDER_NO_TICKS,0,1,0,0,0,0,0,0,1,False,,a26edf3fc8b4c01e792b149846af71570cb454f476640203b2ec8550fc2868e0|fee182d9670d9e2adb3f5676a1dbac37f073e107ed9dd31b43d1ffcccf8513da,2026-10-05T05:48:48.438053Z plan=a26edf3fc8b4c01e792b149846af71570cb454f476640203b2ec8550fc2868e0 journal:2625（補正の前の入力） PROVIDER_NO_TICKS×1 ; 2026-10-06T09:36:16.840957Z plan=fee182d9670d9e2adb3f5676a1dbac37f073e107ed9dd31b43d1ffcccf8513da refill:5b6e8d1065617f1aec088c8e16d95f52872a6316e7014c051cac58da29771af6 PROVIDER_NO_TICKS×1
EURUSD,1h@v1,2023-12-24T22:00Z,2023-12-24T23:00Z,1.0,2023,1,PROVIDER_NO_TICKS,0,1,0,0,0,0,0,0,1,False,,a26edf3fc8b4c01e792b149846af71570cb454f476640203b2ec8550fc2868e0|fee182d9670d9e2adb3f5676a1dbac37f073e107ed9dd31b43d1ffcccf8513da,2026-10-05T05:48:48.438053Z plan=a26edf3fc8b4c01e792b149846af71570cb454f476640203b2ec8550fc2868e0 journal:2625（補正の前の入力） PROVIDER_NO_TICKS×1 ; 2026-10-06T09:36:16.840957Z plan=fee182d9670d9e2adb3f5676a1dbac37f073e107ed9dd31b43d1ffcccf8513da refill:5b6e8d1065617f1aec088c8e16d95f52872a6316e7014c051cac58da29771af6 PROVIDER_NO_TICKS×1
GBPJPY,15m@v1,2016-12-25T22:00Z,2016-12-25T22:30Z,0.5,2016,2,VALIDATION_REJECTED|SOURCE_DIFFERENCE,0,0,0,0,2,2,0,0,2,False,,a26edf3fc8b4c01e792b149846af71570cb454f476640203b2ec8550fc2868e0|fee182d9670d9e2adb3f5676a1dbac37f073e107ed9dd31b43d1ffcccf8513da,2026-10-05T05:48:48.438053Z plan=a26edf3fc8b4c01e792b149846af71570cb454f476640203b2ec8550fc2868e0 journal:2625（補正の前の入力） VALIDATION_REJECTED×2 ; 2026-10-06T09:36:16.840957Z plan=fee182d9670d9e2adb3f5676a1dbac37f073e107ed9dd31b43d1ffcccf8513da refill:5b6e8d1065617f1aec088c8e16d95f52872a6316e7014c051cac58da29771af6 SOURCE_DIFFERENCE×2
GBPJPY,15m@v1,2016-12-26T07:00Z,2016-12-26T23:00Z,16.0,2016,64,VALIDATION_REJECTED|SOURCE_DIFFERENCE,0,0,0,0,64,64,0,0,64,True,1,a26edf3fc8b4c01e792b149846af71570cb454f476640203b2ec8550fc2868e0|fee182d9670d9e2adb3f5676a1dbac37f073e107ed9dd31b43d1ffcccf8513da,2026-10-05T05:48:48.438053Z plan=a26edf3fc8b4c01e792b149846af71570cb454f476640203b2ec8550fc2868e0 journal:2625（補正の前の入力） VALIDATION_REJECTED×64 ; 2026-10-06T09:36:16.840957Z plan=fee182d9670d9e2adb3f5676a1dbac37f073e107ed9dd31b43d1ffcccf8513da refill:5b6e8d1065617f1aec088c8e16d95f52872a6316e7014c051cac58da29771af6 SOURCE_DIFFERENCE×64
GBPJPY,15m@v1,2017-01-01T22:00Z,2017-01-02T07:00Z,9.0,2017,36,UNRECONCILED,0,0,36,0,0,0,0,0,36,True,2,a26edf3fc8b4c01e792b149846af71570cb454f476640203b2ec8550fc2868e0|fee182d9670d9e2adb3f5676a1dbac37f073e107ed9dd31b43d1ffcccf8513da,2026-10-05T05:48:48.438053Z plan=a26edf3fc8b4c01e792b149846af71570cb454f476640203b2ec8550fc2868e0 journal:2625（補正の前の入力） UNRECONCILED（原因 NO_RECONCILIATION_BAR）×36 ; 2026-10-06T09:36:16.840957Z plan=fee182d9670d9e2adb3f5676a1dbac37f073e107ed9dd31b43d1ffcccf8513da refill:5b6e8d1065617f1aec088c8e16d95f52872a6316e7014c051cac58da29771af6 UNRECONCILED（原因 NO_RECONCILIATION_BAR）×36
GBPJPY,15m@v1,2018-12-24T22:45Z,2018-12-24T23:00Z,0.25,2018,1,PROVIDER_NO_TICKS,0,1,0,0,0,0,0,0,1,False,,a26edf3fc8b4c01e792b149846af71570cb454f476640203b2ec8550fc2868e0|fee182d9670d9e2adb3f5676a1dbac37f073e107ed9dd31b43d1ffcccf8513da,2026-10-05T05:48:48.438053Z plan=a26edf3fc8b4c01e792b149846af71570cb454f476640203b2ec8550fc2868e0 journal:2625（補正の前の入力） PROVIDER_NO_TICKS×1 ; 2026-10-06T09:36:16.840957Z plan=fee182d9670d9e2adb3f5676a1dbac37f073e107ed9dd31b43d1ffcccf8513da refill:5b6e8d1065617f1aec088c8e16d95f52872a6316e7014c051cac58da29771af6 PROVIDER_NO_TICKS×1
GBPJPY,15m@v1,2019-03-10T21:00Z,2019-03-10T22:00Z,1.0,2019,4,UNRECONCILED,0,0,4,0,0,0,0,0,0,False,,fee182d9670d9e2adb3f5676a1dbac37f073e107ed9dd31b43d1ffcccf8513da,2026-10-06T09:36:16.840957Z plan=fee182d9670d9e2adb3f5676a1dbac37f073e107ed9dd31b43d1ffcccf8513da refill:5b6e8d1065617f1aec088c8e16d95f52872a6316e7014c051cac58da29771af6 UNRECONCILED（原因 NO_RECONCILIATION_BAR）×4
GBPJPY,15m@v1,2019-05-26T21:00Z,2019-05-27T05:00Z,8.0,2019,32,UNRECONCILED,0,0,32,0,0,0,0,0,32,False,,a26edf3fc8b4c01e792b149846af71570cb454f476640203b2ec8550fc2868e0|fee182d9670d9e2adb3f5676a1dbac37f073e107ed9dd31b43d1ffcccf8513da,2026-10-05T05:48:48.438053Z plan=a26edf3fc8b4c01e792b149846af71570cb454f476640203b2ec8550fc2868e0 journal:2625（補正の前の入力） UNRECONCILED（原因 NO_RECONCILIATION_BAR）×32 ; 2026-10-06T09:36:16.840957Z plan=fee182d9670d9e2adb3f5676a1dbac37f073e107ed9dd31b43d1ffcccf8513da refill:5b6e8d1065617f1aec088c8e16d95f52872a6316e7014c051cac58da29771af6 UNRECONCILED（原因 NO_RECONCILIATION_BAR）×32
GBPJPY,15m@v1,2019-12-24T22:00Z,2019-12-24T22:45Z,0.75,2019,3,PROVIDER_NO_TICKS,0,3,0,0,0,0,0,0,3,False,,a26edf3fc8b4c01e792b149846af71570cb454f476640203b2ec8550fc2868e0|fee182d9670d9e2adb3f5676a1dbac37f073e107ed9dd31b43d1ffcccf8513da,2026-10-05T05:48:48.438053Z plan=a26edf3fc8b4c01e792b149846af71570cb454f476640203b2ec8550fc2868e0 journal:2625（補正の前の入力） PROVIDER_NO_TICKS×3 ; 2026-10-06T09:36:16.840957Z plan=fee182d9670d9e2adb3f5676a1dbac37f073e107ed9dd31b43d1ffcccf8513da refill:5b6e8d1065617f1aec088c8e16d95f52872a6316e7014c051cac58da29771af6 PROVIDER_NO_TICKS×3
GBPJPY,15m@v1,2019-12-25T08:00Z,2019-12-25T09:00Z,1.0,2019,4,PROVIDER_NO_TICKS,0,4,0,0,0,0,0,0,4,False,,a26edf3fc8b4c01e792b149846af71570cb454f476640203b2ec8550fc2868e0|fee182d9670d9e2adb3f5676a1dbac37f073e107ed9dd31b43d1ffcccf8513da,2026-10-05T05:48:48.438053Z plan=a26edf3fc8b4c01e792b149846af71570cb454f476640203b2ec8550fc2868e0 journal:2625（補正の前の入力） PROVIDER_NO_TICKS×4 ; 2026-10-06T09:36:16.840957Z plan=fee182d9670d9e2adb3f5676a1dbac37f073e107ed9dd31b43d1ffcccf8513da refill:5b6e8d1065617f1aec088c8e16d95f52872a6316e7014c051cac58da29771af6 PROVIDER_NO_TICKS×4
GBPJPY,15m@v1,2020-12-25T07:00Z,2020-12-25T07:15Z,0.25,2020,1,NOT_FETCHED|PROVIDER_NO_TICKS,1,1,0,0,0,0,0,0,1,False,,a26edf3fc8b4c01e792b149846af71570cb454f476640203b2ec8550fc2868e0|fee182d9670d9e2adb3f5676a1dbac37f073e107ed9dd31b43d1ffcccf8513da,2026-10-05T05:48:48.438053Z plan=a26edf3fc8b4c01e792b149846af71570cb454f476640203b2ec8550fc2868e0 journal:2625（補正の前の入力） NOT_FETCHED×1 ; 2026-10-06T09:36:16.840957Z plan=fee182d9670d9e2adb3f5676a1dbac37f073e107ed9dd31b43d1ffcccf8513da refill:5b6e8d1065617f1aec088c8e16d95f52872a6316e7014c051cac58da29771af6 PROVIDER_NO_TICKS×1
GBPJPY,15m@v1,2020-12-25T07:30Z,2020-12-25T08:00Z,0.5,2020,2,NOT_FETCHED|PROVIDER_NO_TICKS,2,2,0,0,0,0,0,0,2,False,,a26edf3fc8b4c01e792b149846af71570cb454f476640203b2ec8550fc2868e0|fee182d9670d9e2adb3f5676a1dbac37f073e107ed9dd31b43d1ffcccf8513da,2026-10-05T05:48:48.438053Z plan=a26edf3fc8b4c01e792b149846af71570cb454f476640203b2ec8550fc2868e0 journal:2625（補正の前の入力） NOT_FETCHED×2 ; 2026-10-06T09:36:16.840957Z plan=fee182d9670d9e2adb3f5676a1dbac37f073e107ed9dd31b43d1ffcccf8513da refill:5b6e8d1065617f1aec088c8e16d95f52872a6316e7014c051cac58da29771af6 PROVIDER_NO_TICKS×2
GBPJPY,15m@v1,2021-12-05T22:00Z,2021-12-05T22:30Z,0.5,2021,2,PROVIDER_NO_TICKS,0,2,0,0,0,0,0,0,2,False,,a26edf3fc8b4c01e792b149846af71570cb454f476640203b2ec8550fc2868e0|fee182d9670d9e2adb3f5676a1dbac37f073e107ed9dd31b43d1ffcccf8513da,2026-10-05T05:48:48.438053Z plan=a26edf3fc8b4c01e792b149846af71570cb454f476640203b2ec8550fc2868e0 journal:2625（補正の前の入力） PROVIDER_NO_TICKS×2 ; 2026-10-06T09:36:16.840957Z plan=fee182d9670d9e2adb3f5676a1dbac37f073e107ed9dd31b43d1ffcccf8513da refill:5b6e8d1065617f1aec088c8e16d95f52872a6316e7014c051cac58da29771af6 PROVIDER_NO_TICKS×2
GBPJPY,15m@v1,2022-01-02T22:00Z,2022-01-02T22:15Z,0.25,2022,1,PROVIDER_NO_TICKS,0,1,0,0,0,0,0,0,1,False,,a26edf3fc8b4c01e792b149846af71570cb454f476640203b2ec8550fc2868e0|fee182d9670d9e2adb3f5676a1dbac37f073e107ed9dd31b43d1ffcccf8513da,2026-10-05T05:48:48.438053Z plan=a26edf3fc8b4c01e792b149846af71570cb454f476640203b2ec8550fc2868e0 journal:2625（補正の前の入力） PROVIDER_NO_TICKS×1 ; 2026-10-06T09:36:16.840957Z plan=fee182d9670d9e2adb3f5676a1dbac37f073e107ed9dd31b43d1ffcccf8513da refill:5b6e8d1065617f1aec088c8e16d95f52872a6316e7014c051cac58da29771af6 PROVIDER_NO_TICKS×1
GBPJPY,15m@v1,2022-06-20T21:00Z,2022-06-20T21:15Z,0.25,2022,1,PROVIDER_NO_TICKS,0,1,0,0,0,0,0,0,1,False,,a26edf3fc8b4c01e792b149846af71570cb454f476640203b2ec8550fc2868e0|fee182d9670d9e2adb3f5676a1dbac37f073e107ed9dd31b43d1ffcccf8513da,2026-10-05T05:48:48.438053Z plan=a26edf3fc8b4c01e792b149846af71570cb454f476640203b2ec8550fc2868e0 journal:2625（補正の前の入力） PROVIDER_NO_TICKS×1 ; 2026-10-06T09:36:16.840957Z plan=fee182d9670d9e2adb3f5676a1dbac37f073e107ed9dd31b43d1ffcccf8513da refill:5b6e8d1065617f1aec088c8e16d95f52872a6316e7014c051cac58da29771af6 PROVIDER_NO_TICKS×1
GBPJPY,15m@v1,2022-06-26T21:00Z,2022-06-26T21:30Z,0.5,2022,2,PROVIDER_NO_TICKS,0,2,0,0,0,0,0,0,2,False,,a26edf3fc8b4c01e792b149846af71570cb454f476640203b2ec8550fc2868e0|fee182d9670d9e2adb3f5676a1dbac37f073e107ed9dd31b43d1ffcccf8513da,2026-10-05T05:48:48.438053Z plan=a26edf3fc8b4c01e792b149846af71570cb454f476640203b2ec8550fc2868e0 journal:2625（補正の前の入力） PROVIDER_NO_TICKS×2 ; 2026-10-06T09:36:16.840957Z plan=fee182d9670d9e2adb3f5676a1dbac37f073e107ed9dd31b43d1ffcccf8513da refill:5b6e8d1065617f1aec088c8e16d95f52872a6316e7014c051cac58da29771af6 PROVIDER_NO_TICKS×2
GBPJPY,15m@v1,2022-08-08T21:00Z,2022-08-08T21:15Z,0.25,2022,1,PROVIDER_NO_TICKS,0,1,0,0,0,0,0,0,1,False,,a26edf3fc8b4c01e792b149846af71570cb454f476640203b2ec8550fc2868e0|fee182d9670d9e2adb3f5676a1dbac37f073e107ed9dd31b43d1ffcccf8513da,2026-10-05T05:48:48.438053Z plan=a26edf3fc8b4c01e792b149846af71570cb454f476640203b2ec8550fc2868e0 journal:2625（補正の前の入力） PROVIDER_NO_TICKS×1 ; 2026-10-06T09:36:16.840957Z plan=fee182d9670d9e2adb3f5676a1dbac37f073e107ed9dd31b43d1ffcccf8513da refill:5b6e8d1065617f1aec088c8e16d95f52872a6316e7014c051cac58da29771af6 PROVIDER_NO_TICKS×1
GBPJPY,15m@v1,2022-08-14T21:00Z,2022-08-14T21:15Z,0.25,2022,1,PROVIDER_NO_TICKS,0,1,0,0,0,0,0,0,1,False,,a26edf3fc8b4c01e792b149846af71570cb454f476640203b2ec8550fc2868e0|fee182d9670d9e2adb3f5676a1dbac37f073e107ed9dd31b43d1ffcccf8513da,2026-10-05T05:48:48.438053Z plan=a26edf3fc8b4c01e792b149846af71570cb454f476640203b2ec8550fc2868e0 journal:2625（補正の前の入力） PROVIDER_NO_TICKS×1 ; 2026-10-06T09:36:16.840957Z plan=fee182d9670d9e2adb3f5676a1dbac37f073e107ed9dd31b43d1ffcccf8513da refill:5b6e8d1065617f1aec088c8e16d95f52872a6316e7014c051cac58da29771af6 PROVIDER_NO_TICKS×1
GBPJPY,15m@v1,2022-10-02T21:00Z,2022-10-02T21:15Z,0.25,2022,1,PROVIDER_NO_TICKS,0,1,0,0,0,0,0,0,1,False,,a26edf3fc8b4c01e792b149846af71570cb454f476640203b2ec8550fc2868e0|fee182d9670d9e2adb3f5676a1dbac37f073e107ed9dd31b43d1ffcccf8513da,2026-10-05T05:48:48.438053Z plan=a26edf3fc8b4c01e792b149846af71570cb454f476640203b2ec8550fc2868e0 journal:2625（補正の前の入力） PROVIDER_NO_TICKS×1 ; 2026-10-06T09:36:16.840957Z plan=fee182d9670d9e2adb3f5676a1dbac37f073e107ed9dd31b43d1ffcccf8513da refill:5b6e8d1065617f1aec088c8e16d95f52872a6316e7014c051cac58da29771af6 PROVIDER_NO_TICKS×1
GBPJPY,15m@v1,2022-12-04T22:00Z,2022-12-04T22:15Z,0.25,2022,1,PROVIDER_NO_TICKS,0,1,0,0,0,0,0,0,1,False,,a26edf3fc8b4c01e792b149846af71570cb454f476640203b2ec8550fc2868e0|fee182d9670d9e2adb3f5676a1dbac37f073e107ed9dd31b43d1ffcccf8513da,2026-10-05T05:48:48.438053Z plan=a26edf3fc8b4c01e792b149846af71570cb454f476640203b2ec8550fc2868e0 journal:2625（補正の前の入力） PROVIDER_NO_TICKS×1 ; 2026-10-06T09:36:16.840957Z plan=fee182d9670d9e2adb3f5676a1dbac37f073e107ed9dd31b43d1ffcccf8513da refill:5b6e8d1065617f1aec088c8e16d95f52872a6316e7014c051cac58da29771af6 PROVIDER_NO_TICKS×1
GBPJPY,15m@v1,2022-12-25T22:15Z,2022-12-25T22:45Z,0.5,2022,2,PROVIDER_NO_TICKS,0,2,0,0,0,0,0,0,2,False,,a26edf3fc8b4c01e792b149846af71570cb454f476640203b2ec8550fc2868e0|fee182d9670d9e2adb3f5676a1dbac37f073e107ed9dd31b43d1ffcccf8513da,2026-10-05T05:48:48.438053Z plan=a26edf3fc8b4c01e792b149846af71570cb454f476640203b2ec8550fc2868e0 journal:2625（補正の前の入力） PROVIDER_NO_TICKS×2 ; 2026-10-06T09:36:16.840957Z plan=fee182d9670d9e2adb3f5676a1dbac37f073e107ed9dd31b43d1ffcccf8513da refill:5b6e8d1065617f1aec088c8e16d95f52872a6316e7014c051cac58da29771af6 PROVIDER_NO_TICKS×2
GBPJPY,15m@v1,2022-12-27T22:00Z,2022-12-27T22:15Z,0.25,2022,1,PROVIDER_NO_TICKS,0,1,0,0,0,0,0,0,1,False,,a26edf3fc8b4c01e792b149846af71570cb454f476640203b2ec8550fc2868e0|fee182d9670d9e2adb3f5676a1dbac37f073e107ed9dd31b43d1ffcccf8513da,2026-10-05T05:48:48.438053Z plan=a26edf3fc8b4c01e792b149846af71570cb454f476640203b2ec8550fc2868e0 journal:2625（補正の前の入力） PROVIDER_NO_TICKS×1 ; 2026-10-06T09:36:16.840957Z plan=fee182d9670d9e2adb3f5676a1dbac37f073e107ed9dd31b43d1ffcccf8513da refill:5b6e8d1065617f1aec088c8e16d95f52872a6316e7014c051cac58da29771af6 PROVIDER_NO_TICKS×1
GBPJPY,15m@v1,2023-01-01T22:00Z,2023-01-01T23:30Z,1.5,2023,6,PROVIDER_NO_TICKS,0,6,0,0,0,0,0,0,6,False,,a26edf3fc8b4c01e792b149846af71570cb454f476640203b2ec8550fc2868e0|fee182d9670d9e2adb3f5676a1dbac37f073e107ed9dd31b43d1ffcccf8513da,2026-10-05T05:48:48.438053Z plan=a26edf3fc8b4c01e792b149846af71570cb454f476640203b2ec8550fc2868e0 journal:2625（補正の前の入力） PROVIDER_NO_TICKS×6 ; 2026-10-06T09:36:16.840957Z plan=fee182d9670d9e2adb3f5676a1dbac37f073e107ed9dd31b43d1ffcccf8513da refill:5b6e8d1065617f1aec088c8e16d95f52872a6316e7014c051cac58da29771af6 PROVIDER_NO_TICKS×6
GBPJPY,15m@v1,2023-09-24T21:00Z,2023-09-24T21:15Z,0.25,2023,1,PROVIDER_NO_TICKS,0,1,0,0,0,0,0,0,1,False,,a26edf3fc8b4c01e792b149846af71570cb454f476640203b2ec8550fc2868e0|fee182d9670d9e2adb3f5676a1dbac37f073e107ed9dd31b43d1ffcccf8513da,2026-10-05T05:48:48.438053Z plan=a26edf3fc8b4c01e792b149846af71570cb454f476640203b2ec8550fc2868e0 journal:2625（補正の前の入力） PROVIDER_NO_TICKS×1 ; 2026-10-06T09:36:16.840957Z plan=fee182d9670d9e2adb3f5676a1dbac37f073e107ed9dd31b43d1ffcccf8513da refill:5b6e8d1065617f1aec088c8e16d95f52872a6316e7014c051cac58da29771af6 PROVIDER_NO_TICKS×1
GBPJPY,15m@v1,2023-09-25T10:15Z,2023-09-25T11:00Z,0.75,2023,3,PROVIDER_NO_TICKS,0,3,0,0,0,0,0,0,3,False,,a26edf3fc8b4c01e792b149846af71570cb454f476640203b2ec8550fc2868e0|fee182d9670d9e2adb3f5676a1dbac37f073e107ed9dd31b43d1ffcccf8513da,2026-10-05T05:48:48.438053Z plan=a26edf3fc8b4c01e792b149846af71570cb454f476640203b2ec8550fc2868e0 journal:2625（補正の前の入力） PROVIDER_NO_TICKS×3 ; 2026-10-06T09:36:16.840957Z plan=fee182d9670d9e2adb3f5676a1dbac37f073e107ed9dd31b43d1ffcccf8513da refill:5b6e8d1065617f1aec088c8e16d95f52872a6316e7014c051cac58da29771af6 PROVIDER_NO_TICKS×3
GBPJPY,15m@v1,2023-12-24T22:00Z,2023-12-25T00:45Z,2.75,2023,11,PROVIDER_NO_TICKS,0,11,0,0,0,0,0,0,11,False,,a26edf3fc8b4c01e792b149846af71570cb454f476640203b2ec8550fc2868e0|fee182d9670d9e2adb3f5676a1dbac37f073e107ed9dd31b43d1ffcccf8513da,2026-10-05T05:48:48.438053Z plan=a26edf3fc8b4c01e792b149846af71570cb454f476640203b2ec8550fc2868e0 journal:2625（補正の前の入力） PROVIDER_NO_TICKS×11 ; 2026-10-06T09:36:16.840957Z plan=fee182d9670d9e2adb3f5676a1dbac37f073e107ed9dd31b43d1ffcccf8513da refill:5b6e8d1065617f1aec088c8e16d95f52872a6316e7014c051cac58da29771af6 PROVIDER_NO_TICKS×11
GBPJPY,15m@v1,2023-12-25T07:30Z,2023-12-25T07:45Z,0.25,2023,1,PROVIDER_NO_TICKS,0,1,0,0,0,0,0,0,1,False,,a26edf3fc8b4c01e792b149846af71570cb454f476640203b2ec8550fc2868e0|fee182d9670d9e2adb3f5676a1dbac37f073e107ed9dd31b43d1ffcccf8513da,2026-10-05T05:48:48.438053Z plan=a26edf3fc8b4c01e792b149846af71570cb454f476640203b2ec8550fc2868e0 journal:2625（補正の前の入力） PROVIDER_NO_TICKS×1 ; 2026-10-06T09:36:16.840957Z plan=fee182d9670d9e2adb3f5676a1dbac37f073e107ed9dd31b43d1ffcccf8513da refill:5b6e8d1065617f1aec088c8e16d95f52872a6316e7014c051cac58da29771af6 PROVIDER_NO_TICKS×1
GBPJPY,1h@v1,2016-12-26T07:00Z,2016-12-26T23:00Z,16.0,2016,16,VALIDATION_REJECTED|SOURCE_DIFFERENCE,0,0,0,0,16,16,0,0,16,True,1,a26edf3fc8b4c01e792b149846af71570cb454f476640203b2ec8550fc2868e0|fee182d9670d9e2adb3f5676a1dbac37f073e107ed9dd31b43d1ffcccf8513da,2026-10-05T05:48:48.438053Z plan=a26edf3fc8b4c01e792b149846af71570cb454f476640203b2ec8550fc2868e0 journal:2625（補正の前の入力） VALIDATION_REJECTED×16 ; 2026-10-06T09:36:16.840957Z plan=fee182d9670d9e2adb3f5676a1dbac37f073e107ed9dd31b43d1ffcccf8513da refill:5b6e8d1065617f1aec088c8e16d95f52872a6316e7014c051cac58da29771af6 SOURCE_DIFFERENCE×16
GBPJPY,1h@v1,2017-01-01T22:00Z,2017-01-02T07:00Z,9.0,2017,9,UNRECONCILED,0,0,9,0,0,0,0,0,9,True,2,a26edf3fc8b4c01e792b149846af71570cb454f476640203b2ec8550fc2868e0|fee182d9670d9e2adb3f5676a1dbac37f073e107ed9dd31b43d1ffcccf8513da,2026-10-05T05:48:48.438053Z plan=a26edf3fc8b4c01e792b149846af71570cb454f476640203b2ec8550fc2868e0 journal:2625（補正の前の入力） UNRECONCILED（原因 NO_RECONCILIATION_BAR）×9 ; 2026-10-06T09:36:16.840957Z plan=fee182d9670d9e2adb3f5676a1dbac37f073e107ed9dd31b43d1ffcccf8513da refill:5b6e8d1065617f1aec088c8e16d95f52872a6316e7014c051cac58da29771af6 UNRECONCILED（原因 NO_RECONCILIATION_BAR）×9
GBPJPY,1h@v1,2019-03-10T21:00Z,2019-03-10T22:00Z,1.0,2019,1,UNRECONCILED,0,0,1,0,0,0,0,0,0,False,,fee182d9670d9e2adb3f5676a1dbac37f073e107ed9dd31b43d1ffcccf8513da,2026-10-06T09:36:16.840957Z plan=fee182d9670d9e2adb3f5676a1dbac37f073e107ed9dd31b43d1ffcccf8513da refill:5b6e8d1065617f1aec088c8e16d95f52872a6316e7014c051cac58da29771af6 UNRECONCILED（原因 NO_RECONCILIATION_BAR）×1
GBPJPY,1h@v1,2019-05-26T21:00Z,2019-05-27T05:00Z,8.0,2019,8,UNRECONCILED,0,0,8,0,0,0,0,0,8,False,,a26edf3fc8b4c01e792b149846af71570cb454f476640203b2ec8550fc2868e0|fee182d9670d9e2adb3f5676a1dbac37f073e107ed9dd31b43d1ffcccf8513da,2026-10-05T05:48:48.438053Z plan=a26edf3fc8b4c01e792b149846af71570cb454f476640203b2ec8550fc2868e0 journal:2625（補正の前の入力） UNRECONCILED（原因 NO_RECONCILIATION_BAR）×8 ; 2026-10-06T09:36:16.840957Z plan=fee182d9670d9e2adb3f5676a1dbac37f073e107ed9dd31b43d1ffcccf8513da refill:5b6e8d1065617f1aec088c8e16d95f52872a6316e7014c051cac58da29771af6 UNRECONCILED（原因 NO_RECONCILIATION_BAR）×8
GBPJPY,1h@v1,2019-12-25T08:00Z,2019-12-25T09:00Z,1.0,2019,1,PROVIDER_NO_TICKS,0,1,0,0,0,0,0,0,1,False,,a26edf3fc8b4c01e792b149846af71570cb454f476640203b2ec8550fc2868e0|fee182d9670d9e2adb3f5676a1dbac37f073e107ed9dd31b43d1ffcccf8513da,2026-10-05T05:48:48.438053Z plan=a26edf3fc8b4c01e792b149846af71570cb454f476640203b2ec8550fc2868e0 journal:2625（補正の前の入力） PROVIDER_NO_TICKS×1 ; 2026-10-06T09:36:16.840957Z plan=fee182d9670d9e2adb3f5676a1dbac37f073e107ed9dd31b43d1ffcccf8513da refill:5b6e8d1065617f1aec088c8e16d95f52872a6316e7014c051cac58da29771af6 PROVIDER_NO_TICKS×1
GBPJPY,1h@v1,2023-01-01T22:00Z,2023-01-01T23:00Z,1.0,2023,1,PROVIDER_NO_TICKS,0,1,0,0,0,0,0,0,1,False,,a26edf3fc8b4c01e792b149846af71570cb454f476640203b2ec8550fc2868e0|fee182d9670d9e2adb3f5676a1dbac37f073e107ed9dd31b43d1ffcccf8513da,2026-10-05T05:48:48.438053Z plan=a26edf3fc8b4c01e792b149846af71570cb454f476640203b2ec8550fc2868e0 journal:2625（補正の前の入力） PROVIDER_NO_TICKS×1 ; 2026-10-06T09:36:16.840957Z plan=fee182d9670d9e2adb3f5676a1dbac37f073e107ed9dd31b43d1ffcccf8513da refill:5b6e8d1065617f1aec088c8e16d95f52872a6316e7014c051cac58da29771af6 PROVIDER_NO_TICKS×1
GBPJPY,1h@v1,2023-12-24T22:00Z,2023-12-25T00:00Z,2.0,2023,2,PROVIDER_NO_TICKS,0,2,0,0,0,0,0,0,2,False,,a26edf3fc8b4c01e792b149846af71570cb454f476640203b2ec8550fc2868e0|fee182d9670d9e2adb3f5676a1dbac37f073e107ed9dd31b43d1ffcccf8513da,2026-10-05T05:48:48.438053Z plan=a26edf3fc8b4c01e792b149846af71570cb454f476640203b2ec8550fc2868e0 journal:2625（補正の前の入力） PROVIDER_NO_TICKS×2 ; 2026-10-06T09:36:16.840957Z plan=fee182d9670d9e2adb3f5676a1dbac37f073e107ed9dd31b43d1ffcccf8513da refill:5b6e8d1065617f1aec088c8e16d95f52872a6316e7014c051cac58da29771af6 PROVIDER_NO_TICKS×2
GBPUSD,15m@v1,2016-12-25T22:15Z,2016-12-25T22:30Z,0.25,2016,1,VALIDATION_REJECTED|SOURCE_DIFFERENCE,0,0,0,0,1,1,0,0,1,False,,a26edf3fc8b4c01e792b149846af71570cb454f476640203b2ec8550fc2868e0|fee182d9670d9e2adb3f5676a1dbac37f073e107ed9dd31b43d1ffcccf8513da,2026-10-05T05:48:48.438053Z plan=a26edf3fc8b4c01e792b149846af71570cb454f476640203b2ec8550fc2868e0 journal:2625（補正の前の入力） VALIDATION_REJECTED×1 ; 2026-10-06T09:36:16.840957Z plan=fee182d9670d9e2adb3f5676a1dbac37f073e107ed9dd31b43d1ffcccf8513da refill:5b6e8d1065617f1aec088c8e16d95f52872a6316e7014c051cac58da29771af6 SOURCE_DIFFERENCE×1
GBPUSD,15m@v1,2016-12-26T07:00Z,2016-12-26T23:00Z,16.0,2016,64,VALIDATION_REJECTED|SOURCE_DIFFERENCE,0,0,0,0,64,64,0,0,64,True,1,a26edf3fc8b4c01e792b149846af71570cb454f476640203b2ec8550fc2868e0|fee182d9670d9e2adb3f5676a1dbac37f073e107ed9dd31b43d1ffcccf8513da,2026-10-05T05:48:48.438053Z plan=a26edf3fc8b4c01e792b149846af71570cb454f476640203b2ec8550fc2868e0 journal:2625（補正の前の入力） VALIDATION_REJECTED×64 ; 2026-10-06T09:36:16.840957Z plan=fee182d9670d9e2adb3f5676a1dbac37f073e107ed9dd31b43d1ffcccf8513da refill:5b6e8d1065617f1aec088c8e16d95f52872a6316e7014c051cac58da29771af6 SOURCE_DIFFERENCE×64
GBPUSD,15m@v1,2017-01-01T22:00Z,2017-01-02T07:00Z,9.0,2017,36,UNRECONCILED,0,0,36,0,0,0,0,0,36,True,2,a26edf3fc8b4c01e792b149846af71570cb454f476640203b2ec8550fc2868e0|fee182d9670d9e2adb3f5676a1dbac37f073e107ed9dd31b43d1ffcccf8513da,2026-10-05T05:48:48.438053Z plan=a26edf3fc8b4c01e792b149846af71570cb454f476640203b2ec8550fc2868e0 journal:2625（補正の前の入力） UNRECONCILED（原因 NO_RECONCILIATION_BAR）×36 ; 2026-10-06T09:36:16.840957Z plan=fee182d9670d9e2adb3f5676a1dbac37f073e107ed9dd31b43d1ffcccf8513da refill:5b6e8d1065617f1aec088c8e16d95f52872a6316e7014c051cac58da29771af6 UNRECONCILED（原因 NO_RECONCILIATION_BAR）×36
GBPUSD,15m@v1,2017-08-13T21:15Z,2017-08-13T21:30Z,0.25,2017,1,VALIDATION_REJECTED|SOURCE_DIFFERENCE,0,0,0,0,1,1,0,0,1,False,,a26edf3fc8b4c01e792b149846af71570cb454f476640203b2ec8550fc2868e0|fee182d9670d9e2adb3f5676a1dbac37f073e107ed9dd31b43d1ffcccf8513da,2026-10-05T05:48:48.438053Z plan=a26edf3fc8b4c01e792b149846af71570cb454f476640203b2ec8550fc2868e0 journal:2625（補正の前の入力） VALIDATION_REJECTED×1 ; 2026-10-06T09:36:16.840957Z plan=fee182d9670d9e2adb3f5676a1dbac37f073e107ed9dd31b43d1ffcccf8513da refill:5b6e8d1065617f1aec088c8e16d95f52872a6316e7014c051cac58da29771af6 SOURCE_DIFFERENCE×1
GBPUSD,15m@v1,2018-12-24T22:45Z,2018-12-24T23:15Z,0.5,2018,2,PROVIDER_NO_TICKS,0,2,0,0,0,0,0,0,2,False,,a26edf3fc8b4c01e792b149846af71570cb454f476640203b2ec8550fc2868e0|fee182d9670d9e2adb3f5676a1dbac37f073e107ed9dd31b43d1ffcccf8513da,2026-10-05T05:48:48.438053Z plan=a26edf3fc8b4c01e792b149846af71570cb454f476640203b2ec8550fc2868e0 journal:2625（補正の前の入力） PROVIDER_NO_TICKS×2 ; 2026-10-06T09:36:16.840957Z plan=fee182d9670d9e2adb3f5676a1dbac37f073e107ed9dd31b43d1ffcccf8513da refill:5b6e8d1065617f1aec088c8e16d95f52872a6316e7014c051cac58da29771af6 PROVIDER_NO_TICKS×2
GBPUSD,15m@v1,2019-05-26T21:00Z,2019-05-27T04:00Z,7.0,2019,28,UNRECONCILED,0,0,28,0,0,0,0,0,28,False,,a26edf3fc8b4c01e792b149846af71570cb454f476640203b2ec8550fc2868e0|fee182d9670d9e2adb3f5676a1dbac37f073e107ed9dd31b43d1ffcccf8513da,2026-10-05T05:48:48.438053Z plan=a26edf3fc8b4c01e792b149846af71570cb454f476640203b2ec8550fc2868e0 journal:2625（補正の前の入力） UNRECONCILED（原因 NO_RECONCILIATION_BAR）×28 ; 2026-10-06T09:36:16.840957Z plan=fee182d9670d9e2adb3f5676a1dbac37f073e107ed9dd31b43d1ffcccf8513da refill:5b6e8d1065617f1aec088c8e16d95f52872a6316e7014c051cac58da29771af6 UNRECONCILED（原因 NO_RECONCILIATION_BAR）×28
GBPUSD,15m@v1,2019-12-24T22:00Z,2019-12-24T22:45Z,0.75,2019,3,PROVIDER_NO_TICKS,0,3,0,0,0,0,0,0,3,False,,a26edf3fc8b4c01e792b149846af71570cb454f476640203b2ec8550fc2868e0|fee182d9670d9e2adb3f5676a1dbac37f073e107ed9dd31b43d1ffcccf8513da,2026-10-05T05:48:48.438053Z plan=a26edf3fc8b4c01e792b149846af71570cb454f476640203b2ec8550fc2868e0 journal:2625（補正の前の入力） PROVIDER_NO_TICKS×3 ; 2026-10-06T09:36:16.840957Z plan=fee182d9670d9e2adb3f5676a1dbac37f073e107ed9dd31b43d1ffcccf8513da refill:5b6e8d1065617f1aec088c8e16d95f52872a6316e7014c051cac58da29771af6 PROVIDER_NO_TICKS×3
GBPUSD,15m@v1,2019-12-25T08:00Z,2019-12-25T09:00Z,1.0,2019,4,PROVIDER_NO_TICKS,0,4,0,0,0,0,0,0,4,False,,a26edf3fc8b4c01e792b149846af71570cb454f476640203b2ec8550fc2868e0|fee182d9670d9e2adb3f5676a1dbac37f073e107ed9dd31b43d1ffcccf8513da,2026-10-05T05:48:48.438053Z plan=a26edf3fc8b4c01e792b149846af71570cb454f476640203b2ec8550fc2868e0 journal:2625（補正の前の入力） PROVIDER_NO_TICKS×4 ; 2026-10-06T09:36:16.840957Z plan=fee182d9670d9e2adb3f5676a1dbac37f073e107ed9dd31b43d1ffcccf8513da refill:5b6e8d1065617f1aec088c8e16d95f52872a6316e7014c051cac58da29771af6 PROVIDER_NO_TICKS×4
GBPUSD,15m@v1,2020-07-12T21:00Z,2020-07-12T21:15Z,0.25,2020,1,PROVIDER_NO_TICKS,0,1,0,0,0,0,0,0,1,False,,a26edf3fc8b4c01e792b149846af71570cb454f476640203b2ec8550fc2868e0|fee182d9670d9e2adb3f5676a1dbac37f073e107ed9dd31b43d1ffcccf8513da,2026-10-05T05:48:48.438053Z plan=a26edf3fc8b4c01e792b149846af71570cb454f476640203b2ec8550fc2868e0 journal:2625（補正の前の入力） PROVIDER_NO_TICKS×1 ; 2026-10-06T09:36:16.840957Z plan=fee182d9670d9e2adb3f5676a1dbac37f073e107ed9dd31b43d1ffcccf8513da refill:5b6e8d1065617f1aec088c8e16d95f52872a6316e7014c051cac58da29771af6 PROVIDER_NO_TICKS×1
GBPUSD,15m@v1,2020-12-25T07:00Z,2020-12-25T08:00Z,1.0,2020,4,PROVIDER_NO_TICKS,0,4,0,0,0,0,0,0,4,False,,a26edf3fc8b4c01e792b149846af71570cb454f476640203b2ec8550fc2868e0|fee182d9670d9e2adb3f5676a1dbac37f073e107ed9dd31b43d1ffcccf8513da,2026-10-05T05:48:48.438053Z plan=a26edf3fc8b4c01e792b149846af71570cb454f476640203b2ec8550fc2868e0 journal:2625（補正の前の入力） PROVIDER_NO_TICKS×4 ; 2026-10-06T09:36:16.840957Z plan=fee182d9670d9e2adb3f5676a1dbac37f073e107ed9dd31b43d1ffcccf8513da refill:5b6e8d1065617f1aec088c8e16d95f52872a6316e7014c051cac58da29771af6 PROVIDER_NO_TICKS×4
GBPUSD,15m@v1,2022-08-14T21:00Z,2022-08-14T21:15Z,0.25,2022,1,PROVIDER_NO_TICKS,0,1,0,0,0,0,0,0,1,False,,a26edf3fc8b4c01e792b149846af71570cb454f476640203b2ec8550fc2868e0|fee182d9670d9e2adb3f5676a1dbac37f073e107ed9dd31b43d1ffcccf8513da,2026-10-05T05:48:48.438053Z plan=a26edf3fc8b4c01e792b149846af71570cb454f476640203b2ec8550fc2868e0 journal:2625（補正の前の入力） PROVIDER_NO_TICKS×1 ; 2026-10-06T09:36:16.840957Z plan=fee182d9670d9e2adb3f5676a1dbac37f073e107ed9dd31b43d1ffcccf8513da refill:5b6e8d1065617f1aec088c8e16d95f52872a6316e7014c051cac58da29771af6 PROVIDER_NO_TICKS×1
GBPUSD,15m@v1,2023-01-01T22:00Z,2023-01-01T23:00Z,1.0,2023,4,UNRECONCILED,0,0,4,0,0,0,0,0,4,False,,a26edf3fc8b4c01e792b149846af71570cb454f476640203b2ec8550fc2868e0|fee182d9670d9e2adb3f5676a1dbac37f073e107ed9dd31b43d1ffcccf8513da,2026-10-05T05:48:48.438053Z plan=a26edf3fc8b4c01e792b149846af71570cb454f476640203b2ec8550fc2868e0 journal:2625（補正の前の入力） UNRECONCILED（原因 NO_RECONCILIATION_BAR）×4 ; 2026-10-06T09:36:16.840957Z plan=fee182d9670d9e2adb3f5676a1dbac37f073e107ed9dd31b43d1ffcccf8513da refill:5b6e8d1065617f1aec088c8e16d95f52872a6316e7014c051cac58da29771af6 UNRECONCILED（原因 NO_RECONCILIATION_BAR）×4
GBPUSD,15m@v1,2023-09-25T10:15Z,2023-09-25T11:00Z,0.75,2023,3,PROVIDER_NO_TICKS,0,3,0,0,0,0,0,0,3,False,,a26edf3fc8b4c01e792b149846af71570cb454f476640203b2ec8550fc2868e0|fee182d9670d9e2adb3f5676a1dbac37f073e107ed9dd31b43d1ffcccf8513da,2026-10-05T05:48:48.438053Z plan=a26edf3fc8b4c01e792b149846af71570cb454f476640203b2ec8550fc2868e0 journal:2625（補正の前の入力） PROVIDER_NO_TICKS×3 ; 2026-10-06T09:36:16.840957Z plan=fee182d9670d9e2adb3f5676a1dbac37f073e107ed9dd31b43d1ffcccf8513da refill:5b6e8d1065617f1aec088c8e16d95f52872a6316e7014c051cac58da29771af6 PROVIDER_NO_TICKS×3
GBPUSD,15m@v1,2023-12-24T22:00Z,2023-12-25T00:15Z,2.25,2023,9,PROVIDER_NO_TICKS,0,9,0,0,0,0,0,0,9,False,,a26edf3fc8b4c01e792b149846af71570cb454f476640203b2ec8550fc2868e0|fee182d9670d9e2adb3f5676a1dbac37f073e107ed9dd31b43d1ffcccf8513da,2026-10-05T05:48:48.438053Z plan=a26edf3fc8b4c01e792b149846af71570cb454f476640203b2ec8550fc2868e0 journal:2625（補正の前の入力） PROVIDER_NO_TICKS×9 ; 2026-10-06T09:36:16.840957Z plan=fee182d9670d9e2adb3f5676a1dbac37f073e107ed9dd31b43d1ffcccf8513da refill:5b6e8d1065617f1aec088c8e16d95f52872a6316e7014c051cac58da29771af6 PROVIDER_NO_TICKS×9
GBPUSD,1h@v1,2016-12-26T07:00Z,2016-12-26T23:00Z,16.0,2016,16,VALIDATION_REJECTED|SOURCE_DIFFERENCE,0,0,0,0,16,16,0,0,16,True,1,a26edf3fc8b4c01e792b149846af71570cb454f476640203b2ec8550fc2868e0|fee182d9670d9e2adb3f5676a1dbac37f073e107ed9dd31b43d1ffcccf8513da,2026-10-05T05:48:48.438053Z plan=a26edf3fc8b4c01e792b149846af71570cb454f476640203b2ec8550fc2868e0 journal:2625（補正の前の入力） VALIDATION_REJECTED×16 ; 2026-10-06T09:36:16.840957Z plan=fee182d9670d9e2adb3f5676a1dbac37f073e107ed9dd31b43d1ffcccf8513da refill:5b6e8d1065617f1aec088c8e16d95f52872a6316e7014c051cac58da29771af6 SOURCE_DIFFERENCE×16
GBPUSD,1h@v1,2017-01-01T22:00Z,2017-01-02T07:00Z,9.0,2017,9,UNRECONCILED,0,0,9,0,0,0,0,0,9,True,2,a26edf3fc8b4c01e792b149846af71570cb454f476640203b2ec8550fc2868e0|fee182d9670d9e2adb3f5676a1dbac37f073e107ed9dd31b43d1ffcccf8513da,2026-10-05T05:48:48.438053Z plan=a26edf3fc8b4c01e792b149846af71570cb454f476640203b2ec8550fc2868e0 journal:2625（補正の前の入力） UNRECONCILED（原因 NO_RECONCILIATION_BAR）×9 ; 2026-10-06T09:36:16.840957Z plan=fee182d9670d9e2adb3f5676a1dbac37f073e107ed9dd31b43d1ffcccf8513da refill:5b6e8d1065617f1aec088c8e16d95f52872a6316e7014c051cac58da29771af6 UNRECONCILED（原因 NO_RECONCILIATION_BAR）×9
GBPUSD,1h@v1,2019-05-26T21:00Z,2019-05-27T04:00Z,7.0,2019,7,UNRECONCILED,0,0,7,0,0,0,0,0,7,False,,a26edf3fc8b4c01e792b149846af71570cb454f476640203b2ec8550fc2868e0|fee182d9670d9e2adb3f5676a1dbac37f073e107ed9dd31b43d1ffcccf8513da,2026-10-05T05:48:48.438053Z plan=a26edf3fc8b4c01e792b149846af71570cb454f476640203b2ec8550fc2868e0 journal:2625（補正の前の入力） UNRECONCILED（原因 NO_RECONCILIATION_BAR）×7 ; 2026-10-06T09:36:16.840957Z plan=fee182d9670d9e2adb3f5676a1dbac37f073e107ed9dd31b43d1ffcccf8513da refill:5b6e8d1065617f1aec088c8e16d95f52872a6316e7014c051cac58da29771af6 UNRECONCILED（原因 NO_RECONCILIATION_BAR）×7
GBPUSD,1h@v1,2019-12-25T08:00Z,2019-12-25T09:00Z,1.0,2019,1,PROVIDER_NO_TICKS,0,1,0,0,0,0,0,0,1,False,,a26edf3fc8b4c01e792b149846af71570cb454f476640203b2ec8550fc2868e0|fee182d9670d9e2adb3f5676a1dbac37f073e107ed9dd31b43d1ffcccf8513da,2026-10-05T05:48:48.438053Z plan=a26edf3fc8b4c01e792b149846af71570cb454f476640203b2ec8550fc2868e0 journal:2625（補正の前の入力） PROVIDER_NO_TICKS×1 ; 2026-10-06T09:36:16.840957Z plan=fee182d9670d9e2adb3f5676a1dbac37f073e107ed9dd31b43d1ffcccf8513da refill:5b6e8d1065617f1aec088c8e16d95f52872a6316e7014c051cac58da29771af6 PROVIDER_NO_TICKS×1
GBPUSD,1h@v1,2020-12-25T07:00Z,2020-12-25T08:00Z,1.0,2020,1,PROVIDER_NO_TICKS,0,1,0,0,0,0,0,0,1,False,,a26edf3fc8b4c01e792b149846af71570cb454f476640203b2ec8550fc2868e0|fee182d9670d9e2adb3f5676a1dbac37f073e107ed9dd31b43d1ffcccf8513da,2026-10-05T05:48:48.438053Z plan=a26edf3fc8b4c01e792b149846af71570cb454f476640203b2ec8550fc2868e0 journal:2625（補正の前の入力） PROVIDER_NO_TICKS×1 ; 2026-10-06T09:36:16.840957Z plan=fee182d9670d9e2adb3f5676a1dbac37f073e107ed9dd31b43d1ffcccf8513da refill:5b6e8d1065617f1aec088c8e16d95f52872a6316e7014c051cac58da29771af6 PROVIDER_NO_TICKS×1
GBPUSD,1h@v1,2023-01-01T22:00Z,2023-01-01T23:00Z,1.0,2023,1,UNRECONCILED,0,0,1,0,0,0,0,0,1,False,,a26edf3fc8b4c01e792b149846af71570cb454f476640203b2ec8550fc2868e0|fee182d9670d9e2adb3f5676a1dbac37f073e107ed9dd31b43d1ffcccf8513da,2026-10-05T05:48:48.438053Z plan=a26edf3fc8b4c01e792b149846af71570cb454f476640203b2ec8550fc2868e0 journal:2625（補正の前の入力） UNRECONCILED（原因 NO_RECONCILIATION_BAR）×1 ; 2026-10-06T09:36:16.840957Z plan=fee182d9670d9e2adb3f5676a1dbac37f073e107ed9dd31b43d1ffcccf8513da refill:5b6e8d1065617f1aec088c8e16d95f52872a6316e7014c051cac58da29771af6 UNRECONCILED（原因 NO_RECONCILIATION_BAR）×1
GBPUSD,1h@v1,2023-12-24T22:00Z,2023-12-25T00:00Z,2.0,2023,2,PROVIDER_NO_TICKS,0,2,0,0,0,0,0,0,2,False,,a26edf3fc8b4c01e792b149846af71570cb454f476640203b2ec8550fc2868e0|fee182d9670d9e2adb3f5676a1dbac37f073e107ed9dd31b43d1ffcccf8513da,2026-10-05T05:48:48.438053Z plan=a26edf3fc8b4c01e792b149846af71570cb454f476640203b2ec8550fc2868e0 journal:2625（補正の前の入力） PROVIDER_NO_TICKS×2 ; 2026-10-06T09:36:16.840957Z plan=fee182d9670d9e2adb3f5676a1dbac37f073e107ed9dd31b43d1ffcccf8513da refill:5b6e8d1065617f1aec088c8e16d95f52872a6316e7014c051cac58da29771af6 PROVIDER_NO_TICKS×2
USDCAD,15m@v1,2016-09-04T21:15Z,2016-09-04T21:30Z,0.25,2016,1,VALIDATION_REJECTED|SOURCE_DIFFERENCE,0,0,0,0,1,1,0,0,1,False,,a26edf3fc8b4c01e792b149846af71570cb454f476640203b2ec8550fc2868e0|fee182d9670d9e2adb3f5676a1dbac37f073e107ed9dd31b43d1ffcccf8513da,2026-10-05T05:48:48.438053Z plan=a26edf3fc8b4c01e792b149846af71570cb454f476640203b2ec8550fc2868e0 journal:2625（補正の前の入力） VALIDATION_REJECTED×1 ; 2026-10-06T09:36:16.840957Z plan=fee182d9670d9e2adb3f5676a1dbac37f073e107ed9dd31b43d1ffcccf8513da refill:5b6e8d1065617f1aec088c8e16d95f52872a6316e7014c051cac58da29771af6 SOURCE_DIFFERENCE×1
USDCAD,15m@v1,2016-12-25T22:00Z,2016-12-25T22:30Z,0.5,2016,2,VALIDATION_REJECTED|SOURCE_DIFFERENCE,0,0,0,0,2,2,0,0,2,False,,a26edf3fc8b4c01e792b149846af71570cb454f476640203b2ec8550fc2868e0|fee182d9670d9e2adb3f5676a1dbac37f073e107ed9dd31b43d1ffcccf8513da,2026-10-05T05:48:48.438053Z plan=a26edf3fc8b4c01e792b149846af71570cb454f476640203b2ec8550fc2868e0 journal:2625（補正の前の入力） VALIDATION_REJECTED×2 ; 2026-10-06T09:36:16.840957Z plan=fee182d9670d9e2adb3f5676a1dbac37f073e107ed9dd31b43d1ffcccf8513da refill:5b6e8d1065617f1aec088c8e16d95f52872a6316e7014c051cac58da29771af6 SOURCE_DIFFERENCE×2
USDCAD,15m@v1,2016-12-26T07:15Z,2016-12-26T23:00Z,15.75,2016,63,PROVIDER_NO_TICKS|VALIDATION_REJECTED|SOURCE_DIFFERENCE,0,1,0,0,62,63,0,0,63,True,1,a26edf3fc8b4c01e792b149846af71570cb454f476640203b2ec8550fc2868e0|fee182d9670d9e2adb3f5676a1dbac37f073e107ed9dd31b43d1ffcccf8513da,2026-10-05T05:48:48.438053Z plan=a26edf3fc8b4c01e792b149846af71570cb454f476640203b2ec8550fc2868e0 journal:2625（補正の前の入力） PROVIDER_NO_TICKS×1 ; 2026-10-05T05:48:48.438053Z plan=a26edf3fc8b4c01e792b149846af71570cb454f476640203b2ec8550fc2868e0 journal:2625（補正の前の入力） VALIDATION_REJECTED×62 ; 2026-10-06T09:36:16.840957Z plan=fee182d9670d9e2adb3f5676a1dbac37f073e107ed9dd31b43d1ffcccf8513da refill:5b6e8d1065617f1aec088c8e16d95f52872a6316e7014c051cac58da29771af6 SOURCE_DIFFERENCE×63
USDCAD,15m@v1,2017-01-01T22:00Z,2017-01-02T07:00Z,9.0,2017,36,UNRECONCILED,0,0,36,0,0,0,0,0,36,True,2,a26edf3fc8b4c01e792b149846af71570cb454f476640203b2ec8550fc2868e0|fee182d9670d9e2adb3f5676a1dbac37f073e107ed9dd31b43d1ffcccf8513da,2026-10-05T05:48:48.438053Z plan=a26edf3fc8b4c01e792b149846af71570cb454f476640203b2ec8550fc2868e0 journal:2625（補正の前の入力） UNRECONCILED（原因 NO_RECONCILIATION_BAR）×36 ; 2026-10-06T09:36:16.840957Z plan=fee182d9670d9e2adb3f5676a1dbac37f073e107ed9dd31b43d1ffcccf8513da refill:5b6e8d1065617f1aec088c8e16d95f52872a6316e7014c051cac58da29771af6 UNRECONCILED（原因 NO_RECONCILIATION_BAR）×36
USDCAD,15m@v1,2019-03-10T21:00Z,2019-03-10T22:00Z,1.0,2019,4,UNRECONCILED,0,0,4,0,0,0,0,0,0,False,,fee182d9670d9e2adb3f5676a1dbac37f073e107ed9dd31b43d1ffcccf8513da,2026-10-06T09:36:16.840957Z plan=fee182d9670d9e2adb3f5676a1dbac37f073e107ed9dd31b43d1ffcccf8513da refill:5b6e8d1065617f1aec088c8e16d95f52872a6316e7014c051cac58da29771af6 UNRECONCILED（原因 NO_RECONCILIATION_BAR）×4
USDCAD,15m@v1,2019-05-26T21:00Z,2019-05-27T10:00Z,13.0,2019,52,UNRECONCILED,0,0,52,0,0,0,0,0,52,False,,a26edf3fc8b4c01e792b149846af71570cb454f476640203b2ec8550fc2868e0|fee182d9670d9e2adb3f5676a1dbac37f073e107ed9dd31b43d1ffcccf8513da,2026-10-05T05:48:48.438053Z plan=a26edf3fc8b4c01e792b149846af71570cb454f476640203b2ec8550fc2868e0 journal:2625（補正の前の入力） UNRECONCILED（原因 NO_RECONCILIATION_BAR）×52 ; 2026-10-06T09:36:16.840957Z plan=fee182d9670d9e2adb3f5676a1dbac37f073e107ed9dd31b43d1ffcccf8513da refill:5b6e8d1065617f1aec088c8e16d95f52872a6316e7014c051cac58da29771af6 UNRECONCILED（原因 NO_RECONCILIATION_BAR）×52
USDCAD,15m@v1,2019-12-24T22:00Z,2019-12-24T22:45Z,0.75,2019,3,PROVIDER_NO_TICKS,0,3,0,0,0,0,0,0,3,False,,a26edf3fc8b4c01e792b149846af71570cb454f476640203b2ec8550fc2868e0|fee182d9670d9e2adb3f5676a1dbac37f073e107ed9dd31b43d1ffcccf8513da,2026-10-05T05:48:48.438053Z plan=a26edf3fc8b4c01e792b149846af71570cb454f476640203b2ec8550fc2868e0 journal:2625（補正の前の入力） PROVIDER_NO_TICKS×3 ; 2026-10-06T09:36:16.840957Z plan=fee182d9670d9e2adb3f5676a1dbac37f073e107ed9dd31b43d1ffcccf8513da refill:5b6e8d1065617f1aec088c8e16d95f52872a6316e7014c051cac58da29771af6 PROVIDER_NO_TICKS×3
USDCAD,15m@v1,2019-12-25T08:00Z,2019-12-25T09:00Z,1.0,2019,4,PROVIDER_NO_TICKS,0,4,0,0,0,0,0,0,4,False,,a26edf3fc8b4c01e792b149846af71570cb454f476640203b2ec8550fc2868e0|fee182d9670d9e2adb3f5676a1dbac37f073e107ed9dd31b43d1ffcccf8513da,2026-10-05T05:48:48.438053Z plan=a26edf3fc8b4c01e792b149846af71570cb454f476640203b2ec8550fc2868e0 journal:2625（補正の前の入力） PROVIDER_NO_TICKS×4 ; 2026-10-06T09:36:16.840957Z plan=fee182d9670d9e2adb3f5676a1dbac37f073e107ed9dd31b43d1ffcccf8513da refill:5b6e8d1065617f1aec088c8e16d95f52872a6316e7014c051cac58da29771af6 PROVIDER_NO_TICKS×4
USDCAD,15m@v1,2020-08-16T21:00Z,2020-08-16T21:15Z,0.25,2020,1,PROVIDER_NO_TICKS,0,1,0,0,0,0,0,0,1,False,,a26edf3fc8b4c01e792b149846af71570cb454f476640203b2ec8550fc2868e0|fee182d9670d9e2adb3f5676a1dbac37f073e107ed9dd31b43d1ffcccf8513da,2026-10-05T05:48:48.438053Z plan=a26edf3fc8b4c01e792b149846af71570cb454f476640203b2ec8550fc2868e0 journal:2625（補正の前の入力） PROVIDER_NO_TICKS×1 ; 2026-10-06T09:36:16.840957Z plan=fee182d9670d9e2adb3f5676a1dbac37f073e107ed9dd31b43d1ffcccf8513da refill:5b6e8d1065617f1aec088c8e16d95f52872a6316e7014c051cac58da29771af6 PROVIDER_NO_TICKS×1
USDCAD,15m@v1,2020-12-24T23:15Z,2020-12-24T23:30Z,0.25,2020,1,PROVIDER_NO_TICKS,0,1,0,0,0,0,0,0,1,False,,a26edf3fc8b4c01e792b149846af71570cb454f476640203b2ec8550fc2868e0|fee182d9670d9e2adb3f5676a1dbac37f073e107ed9dd31b43d1ffcccf8513da,2026-10-05T05:48:48.438053Z plan=a26edf3fc8b4c01e792b149846af71570cb454f476640203b2ec8550fc2868e0 journal:2625（補正の前の入力） PROVIDER_NO_TICKS×1 ; 2026-10-06T09:36:16.840957Z plan=fee182d9670d9e2adb3f5676a1dbac37f073e107ed9dd31b43d1ffcccf8513da refill:5b6e8d1065617f1aec088c8e16d95f52872a6316e7014c051cac58da29771af6 PROVIDER_NO_TICKS×1
USDCAD,15m@v1,2022-09-25T21:15Z,2022-09-25T21:30Z,0.25,2022,1,PROVIDER_NO_TICKS,0,1,0,0,0,0,0,0,1,False,,a26edf3fc8b4c01e792b149846af71570cb454f476640203b2ec8550fc2868e0|fee182d9670d9e2adb3f5676a1dbac37f073e107ed9dd31b43d1ffcccf8513da,2026-10-05T05:48:48.438053Z plan=a26edf3fc8b4c01e792b149846af71570cb454f476640203b2ec8550fc2868e0 journal:2625（補正の前の入力） PROVIDER_NO_TICKS×1 ; 2026-10-06T09:36:16.840957Z plan=fee182d9670d9e2adb3f5676a1dbac37f073e107ed9dd31b43d1ffcccf8513da refill:5b6e8d1065617f1aec088c8e16d95f52872a6316e7014c051cac58da29771af6 PROVIDER_NO_TICKS×1
USDCAD,15m@v1,2022-10-09T21:00Z,2022-10-09T22:00Z,1.0,2022,4,UNRECONCILED,0,0,4,0,0,0,0,0,4,False,,a26edf3fc8b4c01e792b149846af71570cb454f476640203b2ec8550fc2868e0|fee182d9670d9e2adb3f5676a1dbac37f073e107ed9dd31b43d1ffcccf8513da,2026-10-05T05:48:48.438053Z plan=a26edf3fc8b4c01e792b149846af71570cb454f476640203b2ec8550fc2868e0 journal:2625（補正の前の入力） UNRECONCILED（原因 NO_RECONCILIATION_BAR）×4 ; 2026-10-06T09:36:16.840957Z plan=fee182d9670d9e2adb3f5676a1dbac37f073e107ed9dd31b43d1ffcccf8513da refill:5b6e8d1065617f1aec088c8e16d95f52872a6316e7014c051cac58da29771af6 UNRECONCILED（原因 NO_RECONCILIATION_BAR）×4
USDCAD,15m@v1,2022-12-04T22:15Z,2022-12-04T22:30Z,0.25,2022,1,PROVIDER_NO_TICKS,0,1,0,0,0,0,0,0,1,False,,a26edf3fc8b4c01e792b149846af71570cb454f476640203b2ec8550fc2868e0|fee182d9670d9e2adb3f5676a1dbac37f073e107ed9dd31b43d1ffcccf8513da,2026-10-05T05:48:48.438053Z plan=a26edf3fc8b4c01e792b149846af71570cb454f476640203b2ec8550fc2868e0 journal:2625（補正の前の入力） PROVIDER_NO_TICKS×1 ; 2026-10-06T09:36:16.840957Z plan=fee182d9670d9e2adb3f5676a1dbac37f073e107ed9dd31b43d1ffcccf8513da refill:5b6e8d1065617f1aec088c8e16d95f52872a6316e7014c051cac58da29771af6 PROVIDER_NO_TICKS×1
USDCAD,15m@v1,2022-12-25T22:15Z,2022-12-25T22:30Z,0.25,2022,1,PROVIDER_NO_TICKS,0,1,0,0,0,0,0,0,1,False,,a26edf3fc8b4c01e792b149846af71570cb454f476640203b2ec8550fc2868e0|fee182d9670d9e2adb3f5676a1dbac37f073e107ed9dd31b43d1ffcccf8513da,2026-10-05T05:48:48.438053Z plan=a26edf3fc8b4c01e792b149846af71570cb454f476640203b2ec8550fc2868e0 journal:2625（補正の前の入力） PROVIDER_NO_TICKS×1 ; 2026-10-06T09:36:16.840957Z plan=fee182d9670d9e2adb3f5676a1dbac37f073e107ed9dd31b43d1ffcccf8513da refill:5b6e8d1065617f1aec088c8e16d95f52872a6316e7014c051cac58da29771af6 PROVIDER_NO_TICKS×1
USDCAD,15m@v1,2022-12-25T22:45Z,2022-12-25T23:00Z,0.25,2022,1,PROVIDER_NO_TICKS,0,1,0,0,0,0,0,0,1,False,,a26edf3fc8b4c01e792b149846af71570cb454f476640203b2ec8550fc2868e0|fee182d9670d9e2adb3f5676a1dbac37f073e107ed9dd31b43d1ffcccf8513da,2026-10-05T05:48:48.438053Z plan=a26edf3fc8b4c01e792b149846af71570cb454f476640203b2ec8550fc2868e0 journal:2625（補正の前の入力） PROVIDER_NO_TICKS×1 ; 2026-10-06T09:36:16.840957Z plan=fee182d9670d9e2adb3f5676a1dbac37f073e107ed9dd31b43d1ffcccf8513da refill:5b6e8d1065617f1aec088c8e16d95f52872a6316e7014c051cac58da29771af6 PROVIDER_NO_TICKS×1
USDCAD,15m@v1,2023-01-01T22:00Z,2023-01-01T23:00Z,1.0,2023,4,UNRECONCILED,0,0,4,0,0,0,0,0,4,False,,a26edf3fc8b4c01e792b149846af71570cb454f476640203b2ec8550fc2868e0|fee182d9670d9e2adb3f5676a1dbac37f073e107ed9dd31b43d1ffcccf8513da,2026-10-05T05:48:48.438053Z plan=a26edf3fc8b4c01e792b149846af71570cb454f476640203b2ec8550fc2868e0 journal:2625（補正の前の入力） UNRECONCILED（原因 NO_RECONCILIATION_BAR）×4 ; 2026-10-06T09:36:16.840957Z plan=fee182d9670d9e2adb3f5676a1dbac37f073e107ed9dd31b43d1ffcccf8513da refill:5b6e8d1065617f1aec088c8e16d95f52872a6316e7014c051cac58da29771af6 UNRECONCILED（原因 NO_RECONCILIATION_BAR）×4
USDCAD,15m@v1,2023-09-25T10:15Z,2023-09-25T11:00Z,0.75,2023,3,PROVIDER_NO_TICKS,0,3,0,0,0,0,0,0,3,False,,a26edf3fc8b4c01e792b149846af71570cb454f476640203b2ec8550fc2868e0|fee182d9670d9e2adb3f5676a1dbac37f073e107ed9dd31b43d1ffcccf8513da,2026-10-05T05:48:48.438053Z plan=a26edf3fc8b4c01e792b149846af71570cb454f476640203b2ec8550fc2868e0 journal:2625（補正の前の入力） PROVIDER_NO_TICKS×3 ; 2026-10-06T09:36:16.840957Z plan=fee182d9670d9e2adb3f5676a1dbac37f073e107ed9dd31b43d1ffcccf8513da refill:5b6e8d1065617f1aec088c8e16d95f52872a6316e7014c051cac58da29771af6 PROVIDER_NO_TICKS×3
USDCAD,15m@v1,2023-12-24T22:00Z,2023-12-24T23:45Z,1.75,2023,7,PROVIDER_NO_TICKS,0,7,0,0,0,0,0,0,7,False,,a26edf3fc8b4c01e792b149846af71570cb454f476640203b2ec8550fc2868e0|fee182d9670d9e2adb3f5676a1dbac37f073e107ed9dd31b43d1ffcccf8513da,2026-10-05T05:48:48.438053Z plan=a26edf3fc8b4c01e792b149846af71570cb454f476640203b2ec8550fc2868e0 journal:2625（補正の前の入力） PROVIDER_NO_TICKS×7 ; 2026-10-06T09:36:16.840957Z plan=fee182d9670d9e2adb3f5676a1dbac37f073e107ed9dd31b43d1ffcccf8513da refill:5b6e8d1065617f1aec088c8e16d95f52872a6316e7014c051cac58da29771af6 PROVIDER_NO_TICKS×7
USDCAD,15m@v1,2023-12-25T01:00Z,2023-12-25T01:15Z,0.25,2023,1,PROVIDER_NO_TICKS,0,1,0,0,0,0,0,0,1,False,,a26edf3fc8b4c01e792b149846af71570cb454f476640203b2ec8550fc2868e0|fee182d9670d9e2adb3f5676a1dbac37f073e107ed9dd31b43d1ffcccf8513da,2026-10-05T05:48:48.438053Z plan=a26edf3fc8b4c01e792b149846af71570cb454f476640203b2ec8550fc2868e0 journal:2625（補正の前の入力） PROVIDER_NO_TICKS×1 ; 2026-10-06T09:36:16.840957Z plan=fee182d9670d9e2adb3f5676a1dbac37f073e107ed9dd31b43d1ffcccf8513da refill:5b6e8d1065617f1aec088c8e16d95f52872a6316e7014c051cac58da29771af6 PROVIDER_NO_TICKS×1
USDCAD,15m@v1,2023-12-25T01:45Z,2023-12-25T02:15Z,0.5,2023,2,PROVIDER_NO_TICKS,0,2,0,0,0,0,0,0,2,False,,a26edf3fc8b4c01e792b149846af71570cb454f476640203b2ec8550fc2868e0|fee182d9670d9e2adb3f5676a1dbac37f073e107ed9dd31b43d1ffcccf8513da,2026-10-05T05:48:48.438053Z plan=a26edf3fc8b4c01e792b149846af71570cb454f476640203b2ec8550fc2868e0 journal:2625（補正の前の入力） PROVIDER_NO_TICKS×2 ; 2026-10-06T09:36:16.840957Z plan=fee182d9670d9e2adb3f5676a1dbac37f073e107ed9dd31b43d1ffcccf8513da refill:5b6e8d1065617f1aec088c8e16d95f52872a6316e7014c051cac58da29771af6 PROVIDER_NO_TICKS×2
USDCAD,15m@v1,2023-12-25T07:30Z,2023-12-25T08:00Z,0.5,2023,2,PROVIDER_NO_TICKS,0,2,0,0,0,0,0,0,2,False,,a26edf3fc8b4c01e792b149846af71570cb454f476640203b2ec8550fc2868e0|fee182d9670d9e2adb3f5676a1dbac37f073e107ed9dd31b43d1ffcccf8513da,2026-10-05T05:48:48.438053Z plan=a26edf3fc8b4c01e792b149846af71570cb454f476640203b2ec8550fc2868e0 journal:2625（補正の前の入力） PROVIDER_NO_TICKS×2 ; 2026-10-06T09:36:16.840957Z plan=fee182d9670d9e2adb3f5676a1dbac37f073e107ed9dd31b43d1ffcccf8513da refill:5b6e8d1065617f1aec088c8e16d95f52872a6316e7014c051cac58da29771af6 PROVIDER_NO_TICKS×2
USDCAD,1h@v1,2016-12-26T08:00Z,2016-12-26T23:00Z,15.0,2016,15,VALIDATION_REJECTED|SOURCE_DIFFERENCE,0,0,0,0,15,15,0,0,15,True,1,a26edf3fc8b4c01e792b149846af71570cb454f476640203b2ec8550fc2868e0|fee182d9670d9e2adb3f5676a1dbac37f073e107ed9dd31b43d1ffcccf8513da,2026-10-05T05:48:48.438053Z plan=a26edf3fc8b4c01e792b149846af71570cb454f476640203b2ec8550fc2868e0 journal:2625（補正の前の入力） VALIDATION_REJECTED×15 ; 2026-10-06T09:36:16.840957Z plan=fee182d9670d9e2adb3f5676a1dbac37f073e107ed9dd31b43d1ffcccf8513da refill:5b6e8d1065617f1aec088c8e16d95f52872a6316e7014c051cac58da29771af6 SOURCE_DIFFERENCE×15
USDCAD,1h@v1,2017-01-01T22:00Z,2017-01-02T07:00Z,9.0,2017,9,UNRECONCILED,0,0,9,0,0,0,0,0,9,True,2,a26edf3fc8b4c01e792b149846af71570cb454f476640203b2ec8550fc2868e0|fee182d9670d9e2adb3f5676a1dbac37f073e107ed9dd31b43d1ffcccf8513da,2026-10-05T05:48:48.438053Z plan=a26edf3fc8b4c01e792b149846af71570cb454f476640203b2ec8550fc2868e0 journal:2625（補正の前の入力） UNRECONCILED（原因 NO_RECONCILIATION_BAR）×9 ; 2026-10-06T09:36:16.840957Z plan=fee182d9670d9e2adb3f5676a1dbac37f073e107ed9dd31b43d1ffcccf8513da refill:5b6e8d1065617f1aec088c8e16d95f52872a6316e7014c051cac58da29771af6 UNRECONCILED（原因 NO_RECONCILIATION_BAR）×9
USDCAD,1h@v1,2019-03-10T21:00Z,2019-03-10T22:00Z,1.0,2019,1,UNRECONCILED,0,0,1,0,0,0,0,0,0,False,,fee182d9670d9e2adb3f5676a1dbac37f073e107ed9dd31b43d1ffcccf8513da,2026-10-06T09:36:16.840957Z plan=fee182d9670d9e2adb3f5676a1dbac37f073e107ed9dd31b43d1ffcccf8513da refill:5b6e8d1065617f1aec088c8e16d95f52872a6316e7014c051cac58da29771af6 UNRECONCILED（原因 NO_RECONCILIATION_BAR）×1
USDCAD,1h@v1,2019-05-26T21:00Z,2019-05-27T10:00Z,13.0,2019,13,UNRECONCILED,0,0,13,0,0,0,0,0,13,False,,a26edf3fc8b4c01e792b149846af71570cb454f476640203b2ec8550fc2868e0|fee182d9670d9e2adb3f5676a1dbac37f073e107ed9dd31b43d1ffcccf8513da,2026-10-05T05:48:48.438053Z plan=a26edf3fc8b4c01e792b149846af71570cb454f476640203b2ec8550fc2868e0 journal:2625（補正の前の入力） UNRECONCILED（原因 NO_RECONCILIATION_BAR）×13 ; 2026-10-06T09:36:16.840957Z plan=fee182d9670d9e2adb3f5676a1dbac37f073e107ed9dd31b43d1ffcccf8513da refill:5b6e8d1065617f1aec088c8e16d95f52872a6316e7014c051cac58da29771af6 UNRECONCILED（原因 NO_RECONCILIATION_BAR）×13
USDCAD,1h@v1,2019-12-25T08:00Z,2019-12-25T09:00Z,1.0,2019,1,PROVIDER_NO_TICKS,0,1,0,0,0,0,0,0,1,False,,a26edf3fc8b4c01e792b149846af71570cb454f476640203b2ec8550fc2868e0|fee182d9670d9e2adb3f5676a1dbac37f073e107ed9dd31b43d1ffcccf8513da,2026-10-05T05:48:48.438053Z plan=a26edf3fc8b4c01e792b149846af71570cb454f476640203b2ec8550fc2868e0 journal:2625（補正の前の入力） PROVIDER_NO_TICKS×1 ; 2026-10-06T09:36:16.840957Z plan=fee182d9670d9e2adb3f5676a1dbac37f073e107ed9dd31b43d1ffcccf8513da refill:5b6e8d1065617f1aec088c8e16d95f52872a6316e7014c051cac58da29771af6 PROVIDER_NO_TICKS×1
USDCAD,1h@v1,2022-10-09T21:00Z,2022-10-09T22:00Z,1.0,2022,1,UNRECONCILED,0,0,1,0,0,0,0,0,1,False,,a26edf3fc8b4c01e792b149846af71570cb454f476640203b2ec8550fc2868e0|fee182d9670d9e2adb3f5676a1dbac37f073e107ed9dd31b43d1ffcccf8513da,2026-10-05T05:48:48.438053Z plan=a26edf3fc8b4c01e792b149846af71570cb454f476640203b2ec8550fc2868e0 journal:2625（補正の前の入力） UNRECONCILED（原因 NO_RECONCILIATION_BAR）×1 ; 2026-10-06T09:36:16.840957Z plan=fee182d9670d9e2adb3f5676a1dbac37f073e107ed9dd31b43d1ffcccf8513da refill:5b6e8d1065617f1aec088c8e16d95f52872a6316e7014c051cac58da29771af6 UNRECONCILED（原因 NO_RECONCILIATION_BAR）×1
USDCAD,1h@v1,2023-01-01T22:00Z,2023-01-01T23:00Z,1.0,2023,1,UNRECONCILED,0,0,1,0,0,0,0,0,1,False,,a26edf3fc8b4c01e792b149846af71570cb454f476640203b2ec8550fc2868e0|fee182d9670d9e2adb3f5676a1dbac37f073e107ed9dd31b43d1ffcccf8513da,2026-10-05T05:48:48.438053Z plan=a26edf3fc8b4c01e792b149846af71570cb454f476640203b2ec8550fc2868e0 journal:2625（補正の前の入力） UNRECONCILED（原因 NO_RECONCILIATION_BAR）×1 ; 2026-10-06T09:36:16.840957Z plan=fee182d9670d9e2adb3f5676a1dbac37f073e107ed9dd31b43d1ffcccf8513da refill:5b6e8d1065617f1aec088c8e16d95f52872a6316e7014c051cac58da29771af6 UNRECONCILED（原因 NO_RECONCILIATION_BAR）×1
USDCAD,1h@v1,2023-12-24T22:00Z,2023-12-24T23:00Z,1.0,2023,1,PROVIDER_NO_TICKS,0,1,0,0,0,0,0,0,1,False,,a26edf3fc8b4c01e792b149846af71570cb454f476640203b2ec8550fc2868e0|fee182d9670d9e2adb3f5676a1dbac37f073e107ed9dd31b43d1ffcccf8513da,2026-10-05T05:48:48.438053Z plan=a26edf3fc8b4c01e792b149846af71570cb454f476640203b2ec8550fc2868e0 journal:2625（補正の前の入力） PROVIDER_NO_TICKS×1 ; 2026-10-06T09:36:16.840957Z plan=fee182d9670d9e2adb3f5676a1dbac37f073e107ed9dd31b43d1ffcccf8513da refill:5b6e8d1065617f1aec088c8e16d95f52872a6316e7014c051cac58da29771af6 PROVIDER_NO_TICKS×1
USDCHF,15m@v1,2016-12-25T22:00Z,2016-12-25T22:30Z,0.5,2016,2,VALIDATION_REJECTED|SOURCE_DIFFERENCE,0,0,0,0,2,2,0,0,2,False,,a26edf3fc8b4c01e792b149846af71570cb454f476640203b2ec8550fc2868e0|fee182d9670d9e2adb3f5676a1dbac37f073e107ed9dd31b43d1ffcccf8513da,2026-10-05T05:48:48.438053Z plan=a26edf3fc8b4c01e792b149846af71570cb454f476640203b2ec8550fc2868e0 journal:2625（補正の前の入力） VALIDATION_REJECTED×2 ; 2026-10-06T09:36:16.840957Z plan=fee182d9670d9e2adb3f5676a1dbac37f073e107ed9dd31b43d1ffcccf8513da refill:5b6e8d1065617f1aec088c8e16d95f52872a6316e7014c051cac58da29771af6 SOURCE_DIFFERENCE×2
USDCHF,15m@v1,2016-12-25T22:45Z,2016-12-25T23:00Z,0.25,2016,1,VALIDATION_REJECTED|SOURCE_DIFFERENCE,0,0,0,0,1,1,0,0,1,False,,a26edf3fc8b4c01e792b149846af71570cb454f476640203b2ec8550fc2868e0|fee182d9670d9e2adb3f5676a1dbac37f073e107ed9dd31b43d1ffcccf8513da,2026-10-05T05:48:48.438053Z plan=a26edf3fc8b4c01e792b149846af71570cb454f476640203b2ec8550fc2868e0 journal:2625（補正の前の入力） VALIDATION_REJECTED×1 ; 2026-10-06T09:36:16.840957Z plan=fee182d9670d9e2adb3f5676a1dbac37f073e107ed9dd31b43d1ffcccf8513da refill:5b6e8d1065617f1aec088c8e16d95f52872a6316e7014c051cac58da29771af6 SOURCE_DIFFERENCE×1
USDCHF,15m@v1,2016-12-26T07:00Z,2016-12-26T23:00Z,16.0,2016,64,VALIDATION_REJECTED|SOURCE_DIFFERENCE,0,0,0,0,64,64,0,0,64,True,1,a26edf3fc8b4c01e792b149846af71570cb454f476640203b2ec8550fc2868e0|fee182d9670d9e2adb3f5676a1dbac37f073e107ed9dd31b43d1ffcccf8513da,2026-10-05T05:48:48.438053Z plan=a26edf3fc8b4c01e792b149846af71570cb454f476640203b2ec8550fc2868e0 journal:2625（補正の前の入力） VALIDATION_REJECTED×64 ; 2026-10-06T09:36:16.840957Z plan=fee182d9670d9e2adb3f5676a1dbac37f073e107ed9dd31b43d1ffcccf8513da refill:5b6e8d1065617f1aec088c8e16d95f52872a6316e7014c051cac58da29771af6 SOURCE_DIFFERENCE×64
USDCHF,15m@v1,2017-01-01T22:00Z,2017-01-02T07:00Z,9.0,2017,36,UNRECONCILED,0,0,36,0,0,0,0,0,36,True,2,a26edf3fc8b4c01e792b149846af71570cb454f476640203b2ec8550fc2868e0|fee182d9670d9e2adb3f5676a1dbac37f073e107ed9dd31b43d1ffcccf8513da,2026-10-05T05:48:48.438053Z plan=a26edf3fc8b4c01e792b149846af71570cb454f476640203b2ec8550fc2868e0 journal:2625（補正の前の入力） UNRECONCILED（原因 NO_RECONCILIATION_BAR）×36 ; 2026-10-06T09:36:16.840957Z plan=fee182d9670d9e2adb3f5676a1dbac37f073e107ed9dd31b43d1ffcccf8513da refill:5b6e8d1065617f1aec088c8e16d95f52872a6316e7014c051cac58da29771af6 UNRECONCILED（原因 NO_RECONCILIATION_BAR）×36
USDCHF,15m@v1,2018-04-01T21:15Z,2018-04-01T21:30Z,0.25,2018,1,VALIDATION_REJECTED|SOURCE_DIFFERENCE,0,0,0,0,1,1,0,0,1,False,,a26edf3fc8b4c01e792b149846af71570cb454f476640203b2ec8550fc2868e0|fee182d9670d9e2adb3f5676a1dbac37f073e107ed9dd31b43d1ffcccf8513da,2026-10-05T05:48:48.438053Z plan=a26edf3fc8b4c01e792b149846af71570cb454f476640203b2ec8550fc2868e0 journal:2625（補正の前の入力） VALIDATION_REJECTED×1 ; 2026-10-06T09:36:16.840957Z plan=fee182d9670d9e2adb3f5676a1dbac37f073e107ed9dd31b43d1ffcccf8513da refill:5b6e8d1065617f1aec088c8e16d95f52872a6316e7014c051cac58da29771af6 SOURCE_DIFFERENCE×1
USDCHF,15m@v1,2019-03-10T21:00Z,2019-03-10T22:00Z,1.0,2019,4,UNRECONCILED,0,0,4,0,0,0,0,0,0,False,,fee182d9670d9e2adb3f5676a1dbac37f073e107ed9dd31b43d1ffcccf8513da,2026-10-06T09:36:16.840957Z plan=fee182d9670d9e2adb3f5676a1dbac37f073e107ed9dd31b43d1ffcccf8513da refill:5b6e8d1065617f1aec088c8e16d95f52872a6316e7014c051cac58da29771af6 UNRECONCILED（原因 NO_RECONCILIATION_BAR）×4
USDCHF,15m@v1,2019-05-26T21:00Z,2019-05-27T08:00Z,11.0,2019,44,UNRECONCILED,0,0,44,0,0,0,0,0,44,False,,a26edf3fc8b4c01e792b149846af71570cb454f476640203b2ec8550fc2868e0|fee182d9670d9e2adb3f5676a1dbac37f073e107ed9dd31b43d1ffcccf8513da,2026-10-05T05:48:48.438053Z plan=a26edf3fc8b4c01e792b149846af71570cb454f476640203b2ec8550fc2868e0 journal:2625（補正の前の入力） UNRECONCILED（原因 NO_RECONCILIATION_BAR）×44 ; 2026-10-06T09:36:16.840957Z plan=fee182d9670d9e2adb3f5676a1dbac37f073e107ed9dd31b43d1ffcccf8513da refill:5b6e8d1065617f1aec088c8e16d95f52872a6316e7014c051cac58da29771af6 UNRECONCILED（原因 NO_RECONCILIATION_BAR）×44
USDCHF,15m@v1,2019-12-24T22:00Z,2019-12-24T22:45Z,0.75,2019,3,PROVIDER_NO_TICKS,0,3,0,0,0,0,0,0,3,False,,a26edf3fc8b4c01e792b149846af71570cb454f476640203b2ec8550fc2868e0|fee182d9670d9e2adb3f5676a1dbac37f073e107ed9dd31b43d1ffcccf8513da,2026-10-05T05:48:48.438053Z plan=a26edf3fc8b4c01e792b149846af71570cb454f476640203b2ec8550fc2868e0 journal:2625（補正の前の入力） PROVIDER_NO_TICKS×3 ; 2026-10-06T09:36:16.840957Z plan=fee182d9670d9e2adb3f5676a1dbac37f073e107ed9dd31b43d1ffcccf8513da refill:5b6e8d1065617f1aec088c8e16d95f52872a6316e7014c051cac58da29771af6 PROVIDER_NO_TICKS×3
USDCHF,15m@v1,2019-12-25T08:15Z,2019-12-25T09:00Z,0.75,2019,3,PROVIDER_NO_TICKS,0,3,0,0,0,0,0,0,3,False,,a26edf3fc8b4c01e792b149846af71570cb454f476640203b2ec8550fc2868e0|fee182d9670d9e2adb3f5676a1dbac37f073e107ed9dd31b43d1ffcccf8513da,2026-10-05T05:48:48.438053Z plan=a26edf3fc8b4c01e792b149846af71570cb454f476640203b2ec8550fc2868e0 journal:2625（補正の前の入力） PROVIDER_NO_TICKS×3 ; 2026-10-06T09:36:16.840957Z plan=fee182d9670d9e2adb3f5676a1dbac37f073e107ed9dd31b43d1ffcccf8513da refill:5b6e8d1065617f1aec088c8e16d95f52872a6316e7014c051cac58da29771af6 PROVIDER_NO_TICKS×3
USDCHF,15m@v1,2020-08-23T21:00Z,2020-08-23T21:15Z,0.25,2020,1,PROVIDER_NO_TICKS,0,1,0,0,0,0,0,0,1,False,,a26edf3fc8b4c01e792b149846af71570cb454f476640203b2ec8550fc2868e0|fee182d9670d9e2adb3f5676a1dbac37f073e107ed9dd31b43d1ffcccf8513da,2026-10-05T05:48:48.438053Z plan=a26edf3fc8b4c01e792b149846af71570cb454f476640203b2ec8550fc2868e0 journal:2625（補正の前の入力） PROVIDER_NO_TICKS×1 ; 2026-10-06T09:36:16.840957Z plan=fee182d9670d9e2adb3f5676a1dbac37f073e107ed9dd31b43d1ffcccf8513da refill:5b6e8d1065617f1aec088c8e16d95f52872a6316e7014c051cac58da29771af6 PROVIDER_NO_TICKS×1
USDCHF,15m@v1,2021-03-14T21:00Z,2021-03-14T21:15Z,0.25,2021,1,PROVIDER_NO_TICKS,0,1,0,0,0,0,0,0,0,False,,fee182d9670d9e2adb3f5676a1dbac37f073e107ed9dd31b43d1ffcccf8513da,2026-10-06T09:36:16.840957Z plan=fee182d9670d9e2adb3f5676a1dbac37f073e107ed9dd31b43d1ffcccf8513da refill:5b6e8d1065617f1aec088c8e16d95f52872a6316e7014c051cac58da29771af6 PROVIDER_NO_TICKS×1
USDCHF,15m@v1,2021-03-14T21:30Z,2021-03-14T21:45Z,0.25,2021,1,PROVIDER_NO_TICKS,0,1,0,0,0,0,0,0,0,False,,fee182d9670d9e2adb3f5676a1dbac37f073e107ed9dd31b43d1ffcccf8513da,2026-10-06T09:36:16.840957Z plan=fee182d9670d9e2adb3f5676a1dbac37f073e107ed9dd31b43d1ffcccf8513da refill:5b6e8d1065617f1aec088c8e16d95f52872a6316e7014c051cac58da29771af6 PROVIDER_NO_TICKS×1
USDCHF,15m@v1,2021-07-14T21:15Z,2021-07-14T21:30Z,0.25,2021,1,PROVIDER_NO_TICKS,0,1,0,0,0,0,0,0,1,False,,a26edf3fc8b4c01e792b149846af71570cb454f476640203b2ec8550fc2868e0|fee182d9670d9e2adb3f5676a1dbac37f073e107ed9dd31b43d1ffcccf8513da,2026-10-05T05:48:48.438053Z plan=a26edf3fc8b4c01e792b149846af71570cb454f476640203b2ec8550fc2868e0 journal:2625（補正の前の入力） PROVIDER_NO_TICKS×1 ; 2026-10-06T09:36:16.840957Z plan=fee182d9670d9e2adb3f5676a1dbac37f073e107ed9dd31b43d1ffcccf8513da refill:5b6e8d1065617f1aec088c8e16d95f52872a6316e7014c051cac58da29771af6 PROVIDER_NO_TICKS×1
USDCHF,15m@v1,2021-08-01T21:00Z,2021-08-01T21:30Z,0.5,2021,2,PROVIDER_NO_TICKS,0,2,0,0,0,0,0,0,2,False,,a26edf3fc8b4c01e792b149846af71570cb454f476640203b2ec8550fc2868e0|fee182d9670d9e2adb3f5676a1dbac37f073e107ed9dd31b43d1ffcccf8513da,2026-10-05T05:48:48.438053Z plan=a26edf3fc8b4c01e792b149846af71570cb454f476640203b2ec8550fc2868e0 journal:2625（補正の前の入力） PROVIDER_NO_TICKS×2 ; 2026-10-06T09:36:16.840957Z plan=fee182d9670d9e2adb3f5676a1dbac37f073e107ed9dd31b43d1ffcccf8513da refill:5b6e8d1065617f1aec088c8e16d95f52872a6316e7014c051cac58da29771af6 PROVIDER_NO_TICKS×2
USDCHF,15m@v1,2021-08-08T21:15Z,2021-08-08T21:30Z,0.25,2021,1,PROVIDER_NO_TICKS,0,1,0,0,0,0,0,0,1,False,,a26edf3fc8b4c01e792b149846af71570cb454f476640203b2ec8550fc2868e0|fee182d9670d9e2adb3f5676a1dbac37f073e107ed9dd31b43d1ffcccf8513da,2026-10-05T05:48:48.438053Z plan=a26edf3fc8b4c01e792b149846af71570cb454f476640203b2ec8550fc2868e0 journal:2625（補正の前の入力） PROVIDER_NO_TICKS×1 ; 2026-10-06T09:36:16.840957Z plan=fee182d9670d9e2adb3f5676a1dbac37f073e107ed9dd31b43d1ffcccf8513da refill:5b6e8d1065617f1aec088c8e16d95f52872a6316e7014c051cac58da29771af6 PROVIDER_NO_TICKS×1
USDCHF,15m@v1,2021-08-17T21:15Z,2021-08-17T21:30Z,0.25,2021,1,PROVIDER_NO_TICKS,0,1,0,0,0,0,0,0,1,False,,a26edf3fc8b4c01e792b149846af71570cb454f476640203b2ec8550fc2868e0|fee182d9670d9e2adb3f5676a1dbac37f073e107ed9dd31b43d1ffcccf8513da,2026-10-05T05:48:48.438053Z plan=a26edf3fc8b4c01e792b149846af71570cb454f476640203b2ec8550fc2868e0 journal:2625（補正の前の入力） PROVIDER_NO_TICKS×1 ; 2026-10-06T09:36:16.840957Z plan=fee182d9670d9e2adb3f5676a1dbac37f073e107ed9dd31b43d1ffcccf8513da refill:5b6e8d1065617f1aec088c8e16d95f52872a6316e7014c051cac58da29771af6 PROVIDER_NO_TICKS×1
USDCHF,15m@v1,2021-11-24T22:30Z,2021-11-24T22:45Z,0.25,2021,1,PROVIDER_NO_TICKS,0,1,0,0,0,0,0,0,1,False,,a26edf3fc8b4c01e792b149846af71570cb454f476640203b2ec8550fc2868e0|fee182d9670d9e2adb3f5676a1dbac37f073e107ed9dd31b43d1ffcccf8513da,2026-10-05T05:48:48.438053Z plan=a26edf3fc8b4c01e792b149846af71570cb454f476640203b2ec8550fc2868e0 journal:2625（補正の前の入力） PROVIDER_NO_TICKS×1 ; 2026-10-06T09:36:16.840957Z plan=fee182d9670d9e2adb3f5676a1dbac37f073e107ed9dd31b43d1ffcccf8513da refill:5b6e8d1065617f1aec088c8e16d95f52872a6316e7014c051cac58da29771af6 PROVIDER_NO_TICKS×1
USDCHF,15m@v1,2021-11-28T22:00Z,2021-11-28T22:30Z,0.5,2021,2,PROVIDER_NO_TICKS,0,2,0,0,0,0,0,0,2,False,,a26edf3fc8b4c01e792b149846af71570cb454f476640203b2ec8550fc2868e0|fee182d9670d9e2adb3f5676a1dbac37f073e107ed9dd31b43d1ffcccf8513da,2026-10-05T05:48:48.438053Z plan=a26edf3fc8b4c01e792b149846af71570cb454f476640203b2ec8550fc2868e0 journal:2625（補正の前の入力） PROVIDER_NO_TICKS×2 ; 2026-10-06T09:36:16.840957Z plan=fee182d9670d9e2adb3f5676a1dbac37f073e107ed9dd31b43d1ffcccf8513da refill:5b6e8d1065617f1aec088c8e16d95f52872a6316e7014c051cac58da29771af6 PROVIDER_NO_TICKS×2
USDCHF,15m@v1,2021-12-24T21:00Z,2021-12-24T21:30Z,0.5,2021,2,PROVIDER_NO_TICKS,0,2,0,0,0,0,0,0,2,True,9,a26edf3fc8b4c01e792b149846af71570cb454f476640203b2ec8550fc2868e0|fee182d9670d9e2adb3f5676a1dbac37f073e107ed9dd31b43d1ffcccf8513da,2026-10-05T05:48:48.438053Z plan=a26edf3fc8b4c01e792b149846af71570cb454f476640203b2ec8550fc2868e0 journal:2625（補正の前の入力） PROVIDER_NO_TICKS×2 ; 2026-10-06T09:36:16.840957Z plan=fee182d9670d9e2adb3f5676a1dbac37f073e107ed9dd31b43d1ffcccf8513da refill:5b6e8d1065617f1aec088c8e16d95f52872a6316e7014c051cac58da29771af6 PROVIDER_NO_TICKS×2
USDCHF,15m@v1,2021-12-26T22:00Z,2021-12-26T22:15Z,0.25,2021,1,PROVIDER_NO_TICKS,0,1,0,0,0,0,0,0,1,False,,a26edf3fc8b4c01e792b149846af71570cb454f476640203b2ec8550fc2868e0|fee182d9670d9e2adb3f5676a1dbac37f073e107ed9dd31b43d1ffcccf8513da,2026-10-05T05:48:48.438053Z plan=a26edf3fc8b4c01e792b149846af71570cb454f476640203b2ec8550fc2868e0 journal:2625（補正の前の入力） PROVIDER_NO_TICKS×1 ; 2026-10-06T09:36:16.840957Z plan=fee182d9670d9e2adb3f5676a1dbac37f073e107ed9dd31b43d1ffcccf8513da refill:5b6e8d1065617f1aec088c8e16d95f52872a6316e7014c051cac58da29771af6 PROVIDER_NO_TICKS×1
USDCHF,15m@v1,2022-05-01T21:00Z,2022-05-01T21:15Z,0.25,2022,1,PROVIDER_NO_TICKS,0,1,0,0,0,0,0,0,1,False,,a26edf3fc8b4c01e792b149846af71570cb454f476640203b2ec8550fc2868e0|fee182d9670d9e2adb3f5676a1dbac37f073e107ed9dd31b43d1ffcccf8513da,2026-10-05T05:48:48.438053Z plan=a26edf3fc8b4c01e792b149846af71570cb454f476640203b2ec8550fc2868e0 journal:2625（補正の前の入力） PROVIDER_NO_TICKS×1 ; 2026-10-06T09:36:16.840957Z plan=fee182d9670d9e2adb3f5676a1dbac37f073e107ed9dd31b43d1ffcccf8513da refill:5b6e8d1065617f1aec088c8e16d95f52872a6316e7014c051cac58da29771af6 PROVIDER_NO_TICKS×1
USDCHF,15m@v1,2022-05-08T21:00Z,2022-05-08T21:15Z,0.25,2022,1,PROVIDER_NO_TICKS,0,1,0,0,0,0,0,0,1,False,,a26edf3fc8b4c01e792b149846af71570cb454f476640203b2ec8550fc2868e0|fee182d9670d9e2adb3f5676a1dbac37f073e107ed9dd31b43d1ffcccf8513da,2026-10-05T05:48:48.438053Z plan=a26edf3fc8b4c01e792b149846af71570cb454f476640203b2ec8550fc2868e0 journal:2625（補正の前の入力） PROVIDER_NO_TICKS×1 ; 2026-10-06T09:36:16.840957Z plan=fee182d9670d9e2adb3f5676a1dbac37f073e107ed9dd31b43d1ffcccf8513da refill:5b6e8d1065617f1aec088c8e16d95f52872a6316e7014c051cac58da29771af6 PROVIDER_NO_TICKS×1
USDCHF,15m@v1,2022-05-15T21:00Z,2022-05-15T21:30Z,0.5,2022,2,PROVIDER_NO_TICKS,0,2,0,0,0,0,0,0,2,False,,a26edf3fc8b4c01e792b149846af71570cb454f476640203b2ec8550fc2868e0|fee182d9670d9e2adb3f5676a1dbac37f073e107ed9dd31b43d1ffcccf8513da,2026-10-05T05:48:48.438053Z plan=a26edf3fc8b4c01e792b149846af71570cb454f476640203b2ec8550fc2868e0 journal:2625（補正の前の入力） PROVIDER_NO_TICKS×2 ; 2026-10-06T09:36:16.840957Z plan=fee182d9670d9e2adb3f5676a1dbac37f073e107ed9dd31b43d1ffcccf8513da refill:5b6e8d1065617f1aec088c8e16d95f52872a6316e7014c051cac58da29771af6 PROVIDER_NO_TICKS×2
USDCHF,15m@v1,2022-05-19T21:00Z,2022-05-19T22:00Z,1.0,2022,4,PROVIDER_NO_TICKS,0,4,0,0,0,0,0,0,4,False,,a26edf3fc8b4c01e792b149846af71570cb454f476640203b2ec8550fc2868e0|fee182d9670d9e2adb3f5676a1dbac37f073e107ed9dd31b43d1ffcccf8513da,2026-10-05T05:48:48.438053Z plan=a26edf3fc8b4c01e792b149846af71570cb454f476640203b2ec8550fc2868e0 journal:2625（補正の前の入力） PROVIDER_NO_TICKS×4 ; 2026-10-06T09:36:16.840957Z plan=fee182d9670d9e2adb3f5676a1dbac37f073e107ed9dd31b43d1ffcccf8513da refill:5b6e8d1065617f1aec088c8e16d95f52872a6316e7014c051cac58da29771af6 PROVIDER_NO_TICKS×4
USDCHF,15m@v1,2022-05-30T21:00Z,2022-05-30T21:15Z,0.25,2022,1,PROVIDER_NO_TICKS,0,1,0,0,0,0,0,0,1,False,,a26edf3fc8b4c01e792b149846af71570cb454f476640203b2ec8550fc2868e0|fee182d9670d9e2adb3f5676a1dbac37f073e107ed9dd31b43d1ffcccf8513da,2026-10-05T05:48:48.438053Z plan=a26edf3fc8b4c01e792b149846af71570cb454f476640203b2ec8550fc2868e0 journal:2625（補正の前の入力） PROVIDER_NO_TICKS×1 ; 2026-10-06T09:36:16.840957Z plan=fee182d9670d9e2adb3f5676a1dbac37f073e107ed9dd31b43d1ffcccf8513da refill:5b6e8d1065617f1aec088c8e16d95f52872a6316e7014c051cac58da29771af6 PROVIDER_NO_TICKS×1
USDCHF,15m@v1,2022-06-26T21:00Z,2022-06-26T21:30Z,0.5,2022,2,PROVIDER_NO_TICKS,0,2,0,0,0,0,0,0,2,False,,a26edf3fc8b4c01e792b149846af71570cb454f476640203b2ec8550fc2868e0|fee182d9670d9e2adb3f5676a1dbac37f073e107ed9dd31b43d1ffcccf8513da,2026-10-05T05:48:48.438053Z plan=a26edf3fc8b4c01e792b149846af71570cb454f476640203b2ec8550fc2868e0 journal:2625（補正の前の入力） PROVIDER_NO_TICKS×2 ; 2026-10-06T09:36:16.840957Z plan=fee182d9670d9e2adb3f5676a1dbac37f073e107ed9dd31b43d1ffcccf8513da refill:5b6e8d1065617f1aec088c8e16d95f52872a6316e7014c051cac58da29771af6 PROVIDER_NO_TICKS×2
USDCHF,15m@v1,2022-07-14T21:00Z,2022-07-14T21:15Z,0.25,2022,1,PROVIDER_NO_TICKS,0,1,0,0,0,0,0,0,1,False,,a26edf3fc8b4c01e792b149846af71570cb454f476640203b2ec8550fc2868e0|fee182d9670d9e2adb3f5676a1dbac37f073e107ed9dd31b43d1ffcccf8513da,2026-10-05T05:48:48.438053Z plan=a26edf3fc8b4c01e792b149846af71570cb454f476640203b2ec8550fc2868e0 journal:2625（補正の前の入力） PROVIDER_NO_TICKS×1 ; 2026-10-06T09:36:16.840957Z plan=fee182d9670d9e2adb3f5676a1dbac37f073e107ed9dd31b43d1ffcccf8513da refill:5b6e8d1065617f1aec088c8e16d95f52872a6316e7014c051cac58da29771af6 PROVIDER_NO_TICKS×1
USDCHF,15m@v1,2022-07-31T21:00Z,2022-07-31T21:15Z,0.25,2022,1,PROVIDER_NO_TICKS,0,1,0,0,0,0,0,0,1,False,,a26edf3fc8b4c01e792b149846af71570cb454f476640203b2ec8550fc2868e0|fee182d9670d9e2adb3f5676a1dbac37f073e107ed9dd31b43d1ffcccf8513da,2026-10-05T05:48:48.438053Z plan=a26edf3fc8b4c01e792b149846af71570cb454f476640203b2ec8550fc2868e0 journal:2625（補正の前の入力） PROVIDER_NO_TICKS×1 ; 2026-10-06T09:36:16.840957Z plan=fee182d9670d9e2adb3f5676a1dbac37f073e107ed9dd31b43d1ffcccf8513da refill:5b6e8d1065617f1aec088c8e16d95f52872a6316e7014c051cac58da29771af6 PROVIDER_NO_TICKS×1
USDCHF,15m@v1,2022-08-21T21:00Z,2022-08-21T21:30Z,0.5,2022,2,PROVIDER_NO_TICKS,0,2,0,0,0,0,0,0,2,False,,a26edf3fc8b4c01e792b149846af71570cb454f476640203b2ec8550fc2868e0|fee182d9670d9e2adb3f5676a1dbac37f073e107ed9dd31b43d1ffcccf8513da,2026-10-05T05:48:48.438053Z plan=a26edf3fc8b4c01e792b149846af71570cb454f476640203b2ec8550fc2868e0 journal:2625（補正の前の入力） PROVIDER_NO_TICKS×2 ; 2026-10-06T09:36:16.840957Z plan=fee182d9670d9e2adb3f5676a1dbac37f073e107ed9dd31b43d1ffcccf8513da refill:5b6e8d1065617f1aec088c8e16d95f52872a6316e7014c051cac58da29771af6 PROVIDER_NO_TICKS×2
USDCHF,15m@v1,2022-09-06T21:15Z,2022-09-06T21:30Z,0.25,2022,1,PROVIDER_NO_TICKS,0,1,0,0,0,0,0,0,1,False,,a26edf3fc8b4c01e792b149846af71570cb454f476640203b2ec8550fc2868e0|fee182d9670d9e2adb3f5676a1dbac37f073e107ed9dd31b43d1ffcccf8513da,2026-10-05T05:48:48.438053Z plan=a26edf3fc8b4c01e792b149846af71570cb454f476640203b2ec8550fc2868e0 journal:2625（補正の前の入力） PROVIDER_NO_TICKS×1 ; 2026-10-06T09:36:16.840957Z plan=fee182d9670d9e2adb3f5676a1dbac37f073e107ed9dd31b43d1ffcccf8513da refill:5b6e8d1065617f1aec088c8e16d95f52872a6316e7014c051cac58da29771af6 PROVIDER_NO_TICKS×1
USDCHF,15m@v1,2022-10-09T21:15Z,2022-10-09T21:45Z,0.5,2022,2,NOT_FETCHED|PROVIDER_NO_TICKS,2,2,0,0,0,0,0,0,2,False,,a26edf3fc8b4c01e792b149846af71570cb454f476640203b2ec8550fc2868e0|fee182d9670d9e2adb3f5676a1dbac37f073e107ed9dd31b43d1ffcccf8513da,2026-10-05T05:48:48.438053Z plan=a26edf3fc8b4c01e792b149846af71570cb454f476640203b2ec8550fc2868e0 journal:2625（補正の前の入力） NOT_FETCHED×2 ; 2026-10-06T09:36:16.840957Z plan=fee182d9670d9e2adb3f5676a1dbac37f073e107ed9dd31b43d1ffcccf8513da refill:5b6e8d1065617f1aec088c8e16d95f52872a6316e7014c051cac58da29771af6 PROVIDER_NO_TICKS×2
USDCHF,15m@v1,2022-10-12T21:15Z,2022-10-12T21:30Z,0.25,2022,1,PROVIDER_NO_TICKS,0,1,0,0,0,0,0,0,1,False,,a26edf3fc8b4c01e792b149846af71570cb454f476640203b2ec8550fc2868e0|fee182d9670d9e2adb3f5676a1dbac37f073e107ed9dd31b43d1ffcccf8513da,2026-10-05T05:48:48.438053Z plan=a26edf3fc8b4c01e792b149846af71570cb454f476640203b2ec8550fc2868e0 journal:2625（補正の前の入力） PROVIDER_NO_TICKS×1 ; 2026-10-06T09:36:16.840957Z plan=fee182d9670d9e2adb3f5676a1dbac37f073e107ed9dd31b43d1ffcccf8513da refill:5b6e8d1065617f1aec088c8e16d95f52872a6316e7014c051cac58da29771af6 PROVIDER_NO_TICKS×1
USDCHF,15m@v1,2022-10-16T21:00Z,2022-10-16T21:30Z,0.5,2022,2,PROVIDER_NO_TICKS,0,2,0,0,0,0,0,0,2,False,,a26edf3fc8b4c01e792b149846af71570cb454f476640203b2ec8550fc2868e0|fee182d9670d9e2adb3f5676a1dbac37f073e107ed9dd31b43d1ffcccf8513da,2026-10-05T05:48:48.438053Z plan=a26edf3fc8b4c01e792b149846af71570cb454f476640203b2ec8550fc2868e0 journal:2625（補正の前の入力） PROVIDER_NO_TICKS×2 ; 2026-10-06T09:36:16.840957Z plan=fee182d9670d9e2adb3f5676a1dbac37f073e107ed9dd31b43d1ffcccf8513da refill:5b6e8d1065617f1aec088c8e16d95f52872a6316e7014c051cac58da29771af6 PROVIDER_NO_TICKS×2
USDCHF,15m@v1,2022-10-17T21:15Z,2022-10-17T21:30Z,0.25,2022,1,PROVIDER_NO_TICKS,0,1,0,0,0,0,0,0,1,False,,a26edf3fc8b4c01e792b149846af71570cb454f476640203b2ec8550fc2868e0|fee182d9670d9e2adb3f5676a1dbac37f073e107ed9dd31b43d1ffcccf8513da,2026-10-05T05:48:48.438053Z plan=a26edf3fc8b4c01e792b149846af71570cb454f476640203b2ec8550fc2868e0 journal:2625（補正の前の入力） PROVIDER_NO_TICKS×1 ; 2026-10-06T09:36:16.840957Z plan=fee182d9670d9e2adb3f5676a1dbac37f073e107ed9dd31b43d1ffcccf8513da refill:5b6e8d1065617f1aec088c8e16d95f52872a6316e7014c051cac58da29771af6 PROVIDER_NO_TICKS×1
USDCHF,15m@v1,2022-10-18T21:15Z,2022-10-18T21:30Z,0.25,2022,1,PROVIDER_NO_TICKS,0,1,0,0,0,0,0,0,1,False,,a26edf3fc8b4c01e792b149846af71570cb454f476640203b2ec8550fc2868e0|fee182d9670d9e2adb3f5676a1dbac37f073e107ed9dd31b43d1ffcccf8513da,2026-10-05T05:48:48.438053Z plan=a26edf3fc8b4c01e792b149846af71570cb454f476640203b2ec8550fc2868e0 journal:2625（補正の前の入力） PROVIDER_NO_TICKS×1 ; 2026-10-06T09:36:16.840957Z plan=fee182d9670d9e2adb3f5676a1dbac37f073e107ed9dd31b43d1ffcccf8513da refill:5b6e8d1065617f1aec088c8e16d95f52872a6316e7014c051cac58da29771af6 PROVIDER_NO_TICKS×1
USDCHF,15m@v1,2022-10-30T21:00Z,2022-10-30T21:30Z,0.5,2022,2,PROVIDER_NO_TICKS,0,2,0,0,0,0,0,0,0,False,,fee182d9670d9e2adb3f5676a1dbac37f073e107ed9dd31b43d1ffcccf8513da,2026-10-06T09:36:16.840957Z plan=fee182d9670d9e2adb3f5676a1dbac37f073e107ed9dd31b43d1ffcccf8513da refill:5b6e8d1065617f1aec088c8e16d95f52872a6316e7014c051cac58da29771af6 PROVIDER_NO_TICKS×2
USDCHF,15m@v1,2022-11-27T22:15Z,2022-11-27T22:30Z,0.25,2022,1,PROVIDER_NO_TICKS,0,1,0,0,0,0,0,0,1,False,,a26edf3fc8b4c01e792b149846af71570cb454f476640203b2ec8550fc2868e0|fee182d9670d9e2adb3f5676a1dbac37f073e107ed9dd31b43d1ffcccf8513da,2026-10-05T05:48:48.438053Z plan=a26edf3fc8b4c01e792b149846af71570cb454f476640203b2ec8550fc2868e0 journal:2625（補正の前の入力） PROVIDER_NO_TICKS×1 ; 2026-10-06T09:36:16.840957Z plan=fee182d9670d9e2adb3f5676a1dbac37f073e107ed9dd31b43d1ffcccf8513da refill:5b6e8d1065617f1aec088c8e16d95f52872a6316e7014c051cac58da29771af6 PROVIDER_NO_TICKS×1
USDCHF,15m@v1,2023-01-01T22:15Z,2023-01-01T23:00Z,0.75,2023,3,PROVIDER_NO_TICKS,0,3,0,0,0,0,0,0,3,False,,a26edf3fc8b4c01e792b149846af71570cb454f476640203b2ec8550fc2868e0|fee182d9670d9e2adb3f5676a1dbac37f073e107ed9dd31b43d1ffcccf8513da,2026-10-05T05:48:48.438053Z plan=a26edf3fc8b4c01e792b149846af71570cb454f476640203b2ec8550fc2868e0 journal:2625（補正の前の入力） PROVIDER_NO_TICKS×3 ; 2026-10-06T09:36:16.840957Z plan=fee182d9670d9e2adb3f5676a1dbac37f073e107ed9dd31b43d1ffcccf8513da refill:5b6e8d1065617f1aec088c8e16d95f52872a6316e7014c051cac58da29771af6 PROVIDER_NO_TICKS×3
USDCHF,15m@v1,2023-01-02T22:15Z,2023-01-02T22:45Z,0.5,2023,2,PROVIDER_NO_TICKS,0,2,0,0,0,0,0,0,2,False,,a26edf3fc8b4c01e792b149846af71570cb454f476640203b2ec8550fc2868e0|fee182d9670d9e2adb3f5676a1dbac37f073e107ed9dd31b43d1ffcccf8513da,2026-10-05T05:48:48.438053Z plan=a26edf3fc8b4c01e792b149846af71570cb454f476640203b2ec8550fc2868e0 journal:2625（補正の前の入力） PROVIDER_NO_TICKS×2 ; 2026-10-06T09:36:16.840957Z plan=fee182d9670d9e2adb3f5676a1dbac37f073e107ed9dd31b43d1ffcccf8513da refill:5b6e8d1065617f1aec088c8e16d95f52872a6316e7014c051cac58da29771af6 PROVIDER_NO_TICKS×2
USDCHF,15m@v1,2023-03-19T21:15Z,2023-03-19T21:30Z,0.25,2023,1,PROVIDER_NO_TICKS,0,1,0,0,0,0,0,0,1,False,,a26edf3fc8b4c01e792b149846af71570cb454f476640203b2ec8550fc2868e0|fee182d9670d9e2adb3f5676a1dbac37f073e107ed9dd31b43d1ffcccf8513da,2026-10-05T05:48:48.438053Z plan=a26edf3fc8b4c01e792b149846af71570cb454f476640203b2ec8550fc2868e0 journal:2625（補正の前の入力） PROVIDER_NO_TICKS×1 ; 2026-10-06T09:36:16.840957Z plan=fee182d9670d9e2adb3f5676a1dbac37f073e107ed9dd31b43d1ffcccf8513da refill:5b6e8d1065617f1aec088c8e16d95f52872a6316e7014c051cac58da29771af6 PROVIDER_NO_TICKS×1
USDCHF,15m@v1,2023-04-30T21:00Z,2023-04-30T21:15Z,0.25,2023,1,PROVIDER_NO_TICKS,0,1,0,0,0,0,0,0,1,False,,a26edf3fc8b4c01e792b149846af71570cb454f476640203b2ec8550fc2868e0|fee182d9670d9e2adb3f5676a1dbac37f073e107ed9dd31b43d1ffcccf8513da,2026-10-05T05:48:48.438053Z plan=a26edf3fc8b4c01e792b149846af71570cb454f476640203b2ec8550fc2868e0 journal:2625（補正の前の入力） PROVIDER_NO_TICKS×1 ; 2026-10-06T09:36:16.840957Z plan=fee182d9670d9e2adb3f5676a1dbac37f073e107ed9dd31b43d1ffcccf8513da refill:5b6e8d1065617f1aec088c8e16d95f52872a6316e7014c051cac58da29771af6 PROVIDER_NO_TICKS×1
USDCHF,15m@v1,2023-09-25T10:15Z,2023-09-25T11:00Z,0.75,2023,3,PROVIDER_NO_TICKS,0,3,0,0,0,0,0,0,3,False,,a26edf3fc8b4c01e792b149846af71570cb454f476640203b2ec8550fc2868e0|fee182d9670d9e2adb3f5676a1dbac37f073e107ed9dd31b43d1ffcccf8513da,2026-10-05T05:48:48.438053Z plan=a26edf3fc8b4c01e792b149846af71570cb454f476640203b2ec8550fc2868e0 journal:2625（補正の前の入力） PROVIDER_NO_TICKS×3 ; 2026-10-06T09:36:16.840957Z plan=fee182d9670d9e2adb3f5676a1dbac37f073e107ed9dd31b43d1ffcccf8513da refill:5b6e8d1065617f1aec088c8e16d95f52872a6316e7014c051cac58da29771af6 PROVIDER_NO_TICKS×3
USDCHF,15m@v1,2023-12-24T22:00Z,2023-12-24T23:00Z,1.0,2023,4,UNRECONCILED,0,0,4,0,0,0,0,0,4,False,,a26edf3fc8b4c01e792b149846af71570cb454f476640203b2ec8550fc2868e0|fee182d9670d9e2adb3f5676a1dbac37f073e107ed9dd31b43d1ffcccf8513da,2026-10-05T05:48:48.438053Z plan=a26edf3fc8b4c01e792b149846af71570cb454f476640203b2ec8550fc2868e0 journal:2625（補正の前の入力） UNRECONCILED（原因 NO_RECONCILIATION_BAR）×4 ; 2026-10-06T09:36:16.840957Z plan=fee182d9670d9e2adb3f5676a1dbac37f073e107ed9dd31b43d1ffcccf8513da refill:5b6e8d1065617f1aec088c8e16d95f52872a6316e7014c051cac58da29771af6 UNRECONCILED（原因 NO_RECONCILIATION_BAR）×4
USDCHF,15m@v1,2023-12-25T01:00Z,2023-12-25T08:00Z,7.0,2023,28,PROVIDER_NO_TICKS,0,28,0,0,0,0,0,0,28,False,,a26edf3fc8b4c01e792b149846af71570cb454f476640203b2ec8550fc2868e0|fee182d9670d9e2adb3f5676a1dbac37f073e107ed9dd31b43d1ffcccf8513da,2026-10-05T05:48:48.438053Z plan=a26edf3fc8b4c01e792b149846af71570cb454f476640203b2ec8550fc2868e0 journal:2625（補正の前の入力） PROVIDER_NO_TICKS×28 ; 2026-10-06T09:36:16.840957Z plan=fee182d9670d9e2adb3f5676a1dbac37f073e107ed9dd31b43d1ffcccf8513da refill:5b6e8d1065617f1aec088c8e16d95f52872a6316e7014c051cac58da29771af6 PROVIDER_NO_TICKS×28
USDCHF,1h@v1,2016-12-26T07:00Z,2016-12-26T23:00Z,16.0,2016,16,VALIDATION_REJECTED|SOURCE_DIFFERENCE,0,0,0,0,16,16,0,0,16,True,1,a26edf3fc8b4c01e792b149846af71570cb454f476640203b2ec8550fc2868e0|fee182d9670d9e2adb3f5676a1dbac37f073e107ed9dd31b43d1ffcccf8513da,2026-10-05T05:48:48.438053Z plan=a26edf3fc8b4c01e792b149846af71570cb454f476640203b2ec8550fc2868e0 journal:2625（補正の前の入力） VALIDATION_REJECTED×16 ; 2026-10-06T09:36:16.840957Z plan=fee182d9670d9e2adb3f5676a1dbac37f073e107ed9dd31b43d1ffcccf8513da refill:5b6e8d1065617f1aec088c8e16d95f52872a6316e7014c051cac58da29771af6 SOURCE_DIFFERENCE×16
USDCHF,1h@v1,2017-01-01T22:00Z,2017-01-02T07:00Z,9.0,2017,9,UNRECONCILED,0,0,9,0,0,0,0,0,9,True,2,a26edf3fc8b4c01e792b149846af71570cb454f476640203b2ec8550fc2868e0|fee182d9670d9e2adb3f5676a1dbac37f073e107ed9dd31b43d1ffcccf8513da,2026-10-05T05:48:48.438053Z plan=a26edf3fc8b4c01e792b149846af71570cb454f476640203b2ec8550fc2868e0 journal:2625（補正の前の入力） UNRECONCILED（原因 NO_RECONCILIATION_BAR）×9 ; 2026-10-06T09:36:16.840957Z plan=fee182d9670d9e2adb3f5676a1dbac37f073e107ed9dd31b43d1ffcccf8513da refill:5b6e8d1065617f1aec088c8e16d95f52872a6316e7014c051cac58da29771af6 UNRECONCILED（原因 NO_RECONCILIATION_BAR）×9
USDCHF,1h@v1,2019-03-10T21:00Z,2019-03-10T22:00Z,1.0,2019,1,UNRECONCILED,0,0,1,0,0,0,0,0,0,False,,fee182d9670d9e2adb3f5676a1dbac37f073e107ed9dd31b43d1ffcccf8513da,2026-10-06T09:36:16.840957Z plan=fee182d9670d9e2adb3f5676a1dbac37f073e107ed9dd31b43d1ffcccf8513da refill:5b6e8d1065617f1aec088c8e16d95f52872a6316e7014c051cac58da29771af6 UNRECONCILED（原因 NO_RECONCILIATION_BAR）×1
USDCHF,1h@v1,2019-05-26T21:00Z,2019-05-27T08:00Z,11.0,2019,11,UNRECONCILED,0,0,11,0,0,0,0,0,11,False,,a26edf3fc8b4c01e792b149846af71570cb454f476640203b2ec8550fc2868e0|fee182d9670d9e2adb3f5676a1dbac37f073e107ed9dd31b43d1ffcccf8513da,2026-10-05T05:48:48.438053Z plan=a26edf3fc8b4c01e792b149846af71570cb454f476640203b2ec8550fc2868e0 journal:2625（補正の前の入力） UNRECONCILED（原因 NO_RECONCILIATION_BAR）×11 ; 2026-10-06T09:36:16.840957Z plan=fee182d9670d9e2adb3f5676a1dbac37f073e107ed9dd31b43d1ffcccf8513da refill:5b6e8d1065617f1aec088c8e16d95f52872a6316e7014c051cac58da29771af6 UNRECONCILED（原因 NO_RECONCILIATION_BAR）×11
USDCHF,1h@v1,2022-05-19T21:00Z,2022-05-19T22:00Z,1.0,2022,1,PROVIDER_NO_TICKS,0,1,0,0,0,0,0,0,1,False,,a26edf3fc8b4c01e792b149846af71570cb454f476640203b2ec8550fc2868e0|fee182d9670d9e2adb3f5676a1dbac37f073e107ed9dd31b43d1ffcccf8513da,2026-10-05T05:48:48.438053Z plan=a26edf3fc8b4c01e792b149846af71570cb454f476640203b2ec8550fc2868e0 journal:2625（補正の前の入力） PROVIDER_NO_TICKS×1 ; 2026-10-06T09:36:16.840957Z plan=fee182d9670d9e2adb3f5676a1dbac37f073e107ed9dd31b43d1ffcccf8513da refill:5b6e8d1065617f1aec088c8e16d95f52872a6316e7014c051cac58da29771af6 PROVIDER_NO_TICKS×1
USDCHF,1h@v1,2023-12-24T22:00Z,2023-12-24T23:00Z,1.0,2023,1,UNRECONCILED,0,0,1,0,0,0,0,0,1,False,,a26edf3fc8b4c01e792b149846af71570cb454f476640203b2ec8550fc2868e0|fee182d9670d9e2adb3f5676a1dbac37f073e107ed9dd31b43d1ffcccf8513da,2026-10-05T05:48:48.438053Z plan=a26edf3fc8b4c01e792b149846af71570cb454f476640203b2ec8550fc2868e0 journal:2625（補正の前の入力） UNRECONCILED（原因 NO_RECONCILIATION_BAR）×1 ; 2026-10-06T09:36:16.840957Z plan=fee182d9670d9e2adb3f5676a1dbac37f073e107ed9dd31b43d1ffcccf8513da refill:5b6e8d1065617f1aec088c8e16d95f52872a6316e7014c051cac58da29771af6 UNRECONCILED（原因 NO_RECONCILIATION_BAR）×1
USDCHF,1h@v1,2023-12-25T01:00Z,2023-12-25T08:00Z,7.0,2023,7,PROVIDER_NO_TICKS,0,7,0,0,0,0,0,0,7,False,,a26edf3fc8b4c01e792b149846af71570cb454f476640203b2ec8550fc2868e0|fee182d9670d9e2adb3f5676a1dbac37f073e107ed9dd31b43d1ffcccf8513da,2026-10-05T05:48:48.438053Z plan=a26edf3fc8b4c01e792b149846af71570cb454f476640203b2ec8550fc2868e0 journal:2625（補正の前の入力） PROVIDER_NO_TICKS×7 ; 2026-10-06T09:36:16.840957Z plan=fee182d9670d9e2adb3f5676a1dbac37f073e107ed9dd31b43d1ffcccf8513da refill:5b6e8d1065617f1aec088c8e16d95f52872a6316e7014c051cac58da29771af6 PROVIDER_NO_TICKS×7
USDJPY,15m@v1,2016-12-25T22:00Z,2016-12-25T22:30Z,0.5,2016,2,VALIDATION_REJECTED|SOURCE_DIFFERENCE,0,0,0,0,2,2,0,0,2,False,,a26edf3fc8b4c01e792b149846af71570cb454f476640203b2ec8550fc2868e0|fee182d9670d9e2adb3f5676a1dbac37f073e107ed9dd31b43d1ffcccf8513da,2026-10-05T05:48:48.438053Z plan=a26edf3fc8b4c01e792b149846af71570cb454f476640203b2ec8550fc2868e0 journal:2625（補正の前の入力） VALIDATION_REJECTED×2 ; 2026-10-06T09:36:16.840957Z plan=fee182d9670d9e2adb3f5676a1dbac37f073e107ed9dd31b43d1ffcccf8513da refill:5b6e8d1065617f1aec088c8e16d95f52872a6316e7014c051cac58da29771af6 SOURCE_DIFFERENCE×2
USDJPY,15m@v1,2016-12-26T07:00Z,2016-12-26T23:00Z,16.0,2016,64,VALIDATION_REJECTED|SOURCE_DIFFERENCE,0,0,0,0,64,64,0,0,64,True,1,a26edf3fc8b4c01e792b149846af71570cb454f476640203b2ec8550fc2868e0|fee182d9670d9e2adb3f5676a1dbac37f073e107ed9dd31b43d1ffcccf8513da,2026-10-05T05:48:48.438053Z plan=a26edf3fc8b4c01e792b149846af71570cb454f476640203b2ec8550fc2868e0 journal:2625（補正の前の入力） VALIDATION_REJECTED×64 ; 2026-10-06T09:36:16.840957Z plan=fee182d9670d9e2adb3f5676a1dbac37f073e107ed9dd31b43d1ffcccf8513da refill:5b6e8d1065617f1aec088c8e16d95f52872a6316e7014c051cac58da29771af6 SOURCE_DIFFERENCE×64
USDJPY,15m@v1,2017-01-01T22:00Z,2017-01-02T07:00Z,9.0,2017,36,UNRECONCILED,0,0,36,0,0,0,0,0,36,True,2,a26edf3fc8b4c01e792b149846af71570cb454f476640203b2ec8550fc2868e0|fee182d9670d9e2adb3f5676a1dbac37f073e107ed9dd31b43d1ffcccf8513da,2026-10-05T05:48:48.438053Z plan=a26edf3fc8b4c01e792b149846af71570cb454f476640203b2ec8550fc2868e0 journal:2625（補正の前の入力） UNRECONCILED（原因 NO_RECONCILIATION_BAR）×36 ; 2026-10-06T09:36:16.840957Z plan=fee182d9670d9e2adb3f5676a1dbac37f073e107ed9dd31b43d1ffcccf8513da refill:5b6e8d1065617f1aec088c8e16d95f52872a6316e7014c051cac58da29771af6 UNRECONCILED（原因 NO_RECONCILIATION_BAR）×36
USDJPY,15m@v1,2019-03-10T21:00Z,2019-03-10T22:00Z,1.0,2019,4,UNRECONCILED,0,0,4,0,0,0,0,0,0,False,,fee182d9670d9e2adb3f5676a1dbac37f073e107ed9dd31b43d1ffcccf8513da,2026-10-06T09:36:16.840957Z plan=fee182d9670d9e2adb3f5676a1dbac37f073e107ed9dd31b43d1ffcccf8513da refill:5b6e8d1065617f1aec088c8e16d95f52872a6316e7014c051cac58da29771af6 UNRECONCILED（原因 NO_RECONCILIATION_BAR）×4
USDJPY,15m@v1,2019-05-26T21:00Z,2019-05-26T23:45Z,2.75,2019,11,PROVIDER_NO_TICKS,0,11,0,0,0,0,0,0,11,False,,a26edf3fc8b4c01e792b149846af71570cb454f476640203b2ec8550fc2868e0|fee182d9670d9e2adb3f5676a1dbac37f073e107ed9dd31b43d1ffcccf8513da,2026-10-05T05:48:48.438053Z plan=a26edf3fc8b4c01e792b149846af71570cb454f476640203b2ec8550fc2868e0 journal:2625（補正の前の入力） PROVIDER_NO_TICKS×11 ; 2026-10-06T09:36:16.840957Z plan=fee182d9670d9e2adb3f5676a1dbac37f073e107ed9dd31b43d1ffcccf8513da refill:5b6e8d1065617f1aec088c8e16d95f52872a6316e7014c051cac58da29771af6 PROVIDER_NO_TICKS×11
USDJPY,15m@v1,2019-12-24T22:00Z,2019-12-24T23:00Z,1.0,2019,4,PROVIDER_NO_TICKS,0,4,0,0,0,0,0,0,4,False,,a26edf3fc8b4c01e792b149846af71570cb454f476640203b2ec8550fc2868e0|fee182d9670d9e2adb3f5676a1dbac37f073e107ed9dd31b43d1ffcccf8513da,2026-10-05T05:48:48.438053Z plan=a26edf3fc8b4c01e792b149846af71570cb454f476640203b2ec8550fc2868e0 journal:2625（補正の前の入力） PROVIDER_NO_TICKS×4 ; 2026-10-06T09:36:16.840957Z plan=fee182d9670d9e2adb3f5676a1dbac37f073e107ed9dd31b43d1ffcccf8513da refill:5b6e8d1065617f1aec088c8e16d95f52872a6316e7014c051cac58da29771af6 PROVIDER_NO_TICKS×4
USDJPY,15m@v1,2019-12-25T08:00Z,2019-12-25T09:00Z,1.0,2019,4,PROVIDER_NO_TICKS,0,4,0,0,0,0,0,0,4,False,,a26edf3fc8b4c01e792b149846af71570cb454f476640203b2ec8550fc2868e0|fee182d9670d9e2adb3f5676a1dbac37f073e107ed9dd31b43d1ffcccf8513da,2026-10-05T05:48:48.438053Z plan=a26edf3fc8b4c01e792b149846af71570cb454f476640203b2ec8550fc2868e0 journal:2625（補正の前の入力） PROVIDER_NO_TICKS×4 ; 2026-10-06T09:36:16.840957Z plan=fee182d9670d9e2adb3f5676a1dbac37f073e107ed9dd31b43d1ffcccf8513da refill:5b6e8d1065617f1aec088c8e16d95f52872a6316e7014c051cac58da29771af6 PROVIDER_NO_TICKS×4
USDJPY,15m@v1,2022-06-26T21:00Z,2022-06-26T21:30Z,0.5,2022,2,PROVIDER_NO_TICKS,0,2,0,0,0,0,0,0,2,False,,a26edf3fc8b4c01e792b149846af71570cb454f476640203b2ec8550fc2868e0|fee182d9670d9e2adb3f5676a1dbac37f073e107ed9dd31b43d1ffcccf8513da,2026-10-05T05:48:48.438053Z plan=a26edf3fc8b4c01e792b149846af71570cb454f476640203b2ec8550fc2868e0 journal:2625（補正の前の入力） PROVIDER_NO_TICKS×2 ; 2026-10-06T09:36:16.840957Z plan=fee182d9670d9e2adb3f5676a1dbac37f073e107ed9dd31b43d1ffcccf8513da refill:5b6e8d1065617f1aec088c8e16d95f52872a6316e7014c051cac58da29771af6 PROVIDER_NO_TICKS×2
USDJPY,15m@v1,2023-09-25T10:15Z,2023-09-25T11:00Z,0.75,2023,3,PROVIDER_NO_TICKS,0,3,0,0,0,0,0,0,3,False,,a26edf3fc8b4c01e792b149846af71570cb454f476640203b2ec8550fc2868e0|fee182d9670d9e2adb3f5676a1dbac37f073e107ed9dd31b43d1ffcccf8513da,2026-10-05T05:48:48.438053Z plan=a26edf3fc8b4c01e792b149846af71570cb454f476640203b2ec8550fc2868e0 journal:2625（補正の前の入力） PROVIDER_NO_TICKS×3 ; 2026-10-06T09:36:16.840957Z plan=fee182d9670d9e2adb3f5676a1dbac37f073e107ed9dd31b43d1ffcccf8513da refill:5b6e8d1065617f1aec088c8e16d95f52872a6316e7014c051cac58da29771af6 PROVIDER_NO_TICKS×3
USDJPY,15m@v1,2023-12-24T22:00Z,2023-12-24T23:30Z,1.5,2023,6,PROVIDER_NO_TICKS,0,6,0,0,0,0,0,0,6,False,,a26edf3fc8b4c01e792b149846af71570cb454f476640203b2ec8550fc2868e0|fee182d9670d9e2adb3f5676a1dbac37f073e107ed9dd31b43d1ffcccf8513da,2026-10-05T05:48:48.438053Z plan=a26edf3fc8b4c01e792b149846af71570cb454f476640203b2ec8550fc2868e0 journal:2625（補正の前の入力） PROVIDER_NO_TICKS×6 ; 2026-10-06T09:36:16.840957Z plan=fee182d9670d9e2adb3f5676a1dbac37f073e107ed9dd31b43d1ffcccf8513da refill:5b6e8d1065617f1aec088c8e16d95f52872a6316e7014c051cac58da29771af6 PROVIDER_NO_TICKS×6
USDJPY,1h@v1,2016-12-26T07:00Z,2016-12-26T23:00Z,16.0,2016,16,VALIDATION_REJECTED|SOURCE_DIFFERENCE,0,0,0,0,16,16,0,0,16,True,1,a26edf3fc8b4c01e792b149846af71570cb454f476640203b2ec8550fc2868e0|fee182d9670d9e2adb3f5676a1dbac37f073e107ed9dd31b43d1ffcccf8513da,2026-10-05T05:48:48.438053Z plan=a26edf3fc8b4c01e792b149846af71570cb454f476640203b2ec8550fc2868e0 journal:2625（補正の前の入力） VALIDATION_REJECTED×16 ; 2026-10-06T09:36:16.840957Z plan=fee182d9670d9e2adb3f5676a1dbac37f073e107ed9dd31b43d1ffcccf8513da refill:5b6e8d1065617f1aec088c8e16d95f52872a6316e7014c051cac58da29771af6 SOURCE_DIFFERENCE×16
USDJPY,1h@v1,2017-01-01T22:00Z,2017-01-02T07:00Z,9.0,2017,9,UNRECONCILED,0,0,9,0,0,0,0,0,9,True,2,a26edf3fc8b4c01e792b149846af71570cb454f476640203b2ec8550fc2868e0|fee182d9670d9e2adb3f5676a1dbac37f073e107ed9dd31b43d1ffcccf8513da,2026-10-05T05:48:48.438053Z plan=a26edf3fc8b4c01e792b149846af71570cb454f476640203b2ec8550fc2868e0 journal:2625（補正の前の入力） UNRECONCILED（原因 NO_RECONCILIATION_BAR）×9 ; 2026-10-06T09:36:16.840957Z plan=fee182d9670d9e2adb3f5676a1dbac37f073e107ed9dd31b43d1ffcccf8513da refill:5b6e8d1065617f1aec088c8e16d95f52872a6316e7014c051cac58da29771af6 UNRECONCILED（原因 NO_RECONCILIATION_BAR）×9
USDJPY,1h@v1,2019-03-10T21:00Z,2019-03-10T22:00Z,1.0,2019,1,UNRECONCILED,0,0,1,0,0,0,0,0,0,False,,fee182d9670d9e2adb3f5676a1dbac37f073e107ed9dd31b43d1ffcccf8513da,2026-10-06T09:36:16.840957Z plan=fee182d9670d9e2adb3f5676a1dbac37f073e107ed9dd31b43d1ffcccf8513da refill:5b6e8d1065617f1aec088c8e16d95f52872a6316e7014c051cac58da29771af6 UNRECONCILED（原因 NO_RECONCILIATION_BAR）×1
USDJPY,1h@v1,2019-05-26T21:00Z,2019-05-26T23:00Z,2.0,2019,2,PROVIDER_NO_TICKS,0,2,0,0,0,0,0,0,2,False,,a26edf3fc8b4c01e792b149846af71570cb454f476640203b2ec8550fc2868e0|fee182d9670d9e2adb3f5676a1dbac37f073e107ed9dd31b43d1ffcccf8513da,2026-10-05T05:48:48.438053Z plan=a26edf3fc8b4c01e792b149846af71570cb454f476640203b2ec8550fc2868e0 journal:2625（補正の前の入力） PROVIDER_NO_TICKS×2 ; 2026-10-06T09:36:16.840957Z plan=fee182d9670d9e2adb3f5676a1dbac37f073e107ed9dd31b43d1ffcccf8513da refill:5b6e8d1065617f1aec088c8e16d95f52872a6316e7014c051cac58da29771af6 PROVIDER_NO_TICKS×2
USDJPY,1h@v1,2019-12-24T22:00Z,2019-12-24T23:00Z,1.0,2019,1,PROVIDER_NO_TICKS,0,1,0,0,0,0,0,0,1,False,,a26edf3fc8b4c01e792b149846af71570cb454f476640203b2ec8550fc2868e0|fee182d9670d9e2adb3f5676a1dbac37f073e107ed9dd31b43d1ffcccf8513da,2026-10-05T05:48:48.438053Z plan=a26edf3fc8b4c01e792b149846af71570cb454f476640203b2ec8550fc2868e0 journal:2625（補正の前の入力） PROVIDER_NO_TICKS×1 ; 2026-10-06T09:36:16.840957Z plan=fee182d9670d9e2adb3f5676a1dbac37f073e107ed9dd31b43d1ffcccf8513da refill:5b6e8d1065617f1aec088c8e16d95f52872a6316e7014c051cac58da29771af6 PROVIDER_NO_TICKS×1
USDJPY,1h@v1,2019-12-25T08:00Z,2019-12-25T09:00Z,1.0,2019,1,PROVIDER_NO_TICKS,0,1,0,0,0,0,0,0,1,False,,a26edf3fc8b4c01e792b149846af71570cb454f476640203b2ec8550fc2868e0|fee182d9670d9e2adb3f5676a1dbac37f073e107ed9dd31b43d1ffcccf8513da,2026-10-05T05:48:48.438053Z plan=a26edf3fc8b4c01e792b149846af71570cb454f476640203b2ec8550fc2868e0 journal:2625（補正の前の入力） PROVIDER_NO_TICKS×1 ; 2026-10-06T09:36:16.840957Z plan=fee182d9670d9e2adb3f5676a1dbac37f073e107ed9dd31b43d1ffcccf8513da refill:5b6e8d1065617f1aec088c8e16d95f52872a6316e7014c051cac58da29771af6 PROVIDER_NO_TICKS×1
USDJPY,1h@v1,2023-12-24T22:00Z,2023-12-24T23:00Z,1.0,2023,1,PROVIDER_NO_TICKS,0,1,0,0,0,0,0,0,1,False,,a26edf3fc8b4c01e792b149846af71570cb454f476640203b2ec8550fc2868e0|fee182d9670d9e2adb3f5676a1dbac37f073e107ed9dd31b43d1ffcccf8513da,2026-10-05T05:48:48.438053Z plan=a26edf3fc8b4c01e792b149846af71570cb454f476640203b2ec8550fc2868e0 journal:2625（補正の前の入力） PROVIDER_NO_TICKS×1 ; 2026-10-06T09:36:16.840957Z plan=fee182d9670d9e2adb3f5676a1dbac37f073e107ed9dd31b43d1ffcccf8513da refill:5b6e8d1065617f1aec088c8e16d95f52872a6316e7014c051cac58da29771af6 PROVIDER_NO_TICKS×1
